Epoch,Error Vs Epoch (Binary Representation)
0,0.9772754165611173
1,1.0455207163899392
2,1.0456081764247132
3,1.0454710562175893
4,1.0453476865884408
5,1.0452354937235648
6,1.0451321075124897
7,1.0450356709274737
8,1.0449447284215134
9,1.0448581388050713
10,1.0447750070417026
11,1.0446946308582539
12,1.0446164589562574
13,1.0445400583050388
14,1.044465088542525
15,1.0443912819379273
16,1.0443184277062625
17,1.044246359727807
18,1.044174946931613
19,1.0441040857635215
20,1.044033694285302
21,1.0439637075503052
22,1.0438940739782332
23,1.0438247525120496
24,1.0437557103872934
25,1.0436869213809987
26,1.043618364436326
27,1.0435500225816046
28,1.043481882080147
29,1.0434139317610462
30,1.043346162491939
31,1.0432785667632183
32,1.0432111383597606
33,1.0431438721014352
34,1.043076763637698
35,1.0430098092847588
36,1.042943005896274
37,1.0428763507604903
38,1.0428098415182516
39,1.0427434760975072
40,1.0426772526608736
41,1.0426111695635432
42,1.042545225319411
43,1.0424794185737278
44,1.0424137480809703
45,1.0423482126868568
46,1.0422828113137013
47,1.042217542948432
48,1.042152406632759
49,1.0420874014550763
50,1.0420225265437688
51,1.0419577810616518
52,1.0418931642013445
53,1.0418286751813977
54,1.0417643132430445
55,1.0417000776474628
56,1.0416359676734592
57,1.0415719826155059
58,1.0415081217820672
59,1.041444384494171
60,1.041380770084184
61,1.0413172778947595
62,1.0412539072779294
63,1.0411906575943206
64,1.041127528212475
65,1.0410645185082592
66,1.041001627864349
67,1.0409388556697814
68,1.0408762013195614
69,1.0408136642143175
70,1.0407512437599984
71,1.0406889393676069
72,1.0406267504529652
73,1.0405646764365049
74,1.0405027167430858
75,1.0404408708018287
76,1.0403791380459717
77,1.0403175179127406
78,1.040256009843231
79,1.0401946132823054
80,1.040133327678498
81,1.0400721524839323
82,1.0400110871542427
83,1.0399501311485069
84,1.0398892839291811
85,1.039828544962045
86,1.039767913716147
87,1.0397073896637572
88,1.0396469722803223
89,1.0395866610444238
90,1.0395264554377412
91,1.0394663549450154
92,1.0394063590540146
93,1.0393464672555048
94,1.0392866790432183
95,1.039226993913828
96,1.039167411366917
97,1.039107930904958
98,1.0390485520332866
99,1.0389892742600773
100,1.0389300970963236
101,1.0388710200558147
102,1.0388120426551153
103,1.0387531644135466
104,1.0386943848531647
105,1.0386357034987432
106,1.0385771198777534
107,1.038518633520348
108,1.0384602439593416
109,1.0384019507301936
110,1.038343753370993
111,1.0382856514224388
112,1.0382276444278256
113,1.0381697319330265
114,1.0381119134864787
115,1.0380541886391632
116,1.0379965569445948
117,1.0379390179588042
118,1.0378815712403227
119,1.0378242163501665
120,1.0377669528518234
121,1.037709780311237
122,1.0376526982967929
123,1.0375957063793035
124,1.0375388041319933
125,1.0374819911304862
126,1.037425266952791
127,1.0373686311792856
128,1.0373120833927056
129,1.0372556231781294
130,1.0371992501229643
131,1.037142963816934
132,1.0370867638520644
133,1.0370306498226696
134,1.0369746213253412
135,1.0369186779589321
136,1.0368628193245453
137,1.0368070450255207
138,1.0367513546674219
139,1.0366957478580234
140,1.0366402242072992
141,1.0365847833274076
142,1.0365294248326813
143,1.0364741483396138
144,1.0364189534668469
145,1.0363638398351593
146,1.036308807067453
147,1.0362538547887432
148,1.0361989826261446
149,1.03614419020886
150,1.036089477168169
151,1.0360348431374151
152,1.0359802877519952
153,1.0359258106493474
154,1.0358714114689391
155,1.0358170898522567
156,1.0357628454427925
157,1.0357086778860352
158,1.0356545868294569
159,1.0356005719225034
160,1.0355466328165825
161,1.0354927691650526
162,1.0354389806232125
163,1.0353852668482895
164,1.0353316274994295
165,1.035278062237687
166,1.035224570726011
167,1.0351711526292386
168,1.035117807614082
169,1.0350645353491181
170,1.0350113355047794
171,1.0349582077533421
172,1.0349051517689163
173,1.0348521672274371
174,1.034799253806652
175,1.0347464111861129
176,1.0346936390471644
177,1.0346409370729361
178,1.0345883049483298
179,1.0345357423600117
180,1.0344832489964022
181,1.0344308245476657
182,1.0343784687057007
183,1.0343261811641318
184,1.0342739616182983
185,1.0342218097652451
186,1.034169725303715
187,1.0341177079341357
188,1.0340657573586143
189,1.034013873280926
190,1.0339620554065052
191,1.0339103034424364
192,1.033858617097445
193,1.0338069960818888
194,1.0337554401077478
195,1.0337039488886166
196,1.0336525221396944
197,1.033601159577778
198,1.0335498609212501
199,1.0334986258900731
200,1.033447454205779
201,1.0333963455914614
202,1.0333452997717671
203,1.0332943164728874
204,1.0332433954225486
205,1.0331925363500052
206,1.0331417389860302
207,1.0330910030629081
208,1.0330403283144254
209,1.032989714475863
210,1.032939161283987
211,1.0328886684770433
212,1.0328382357947454
213,1.0327878629782699
214,1.0327375497702471
215,1.0326872959147524
216,1.0326371011572997
217,1.0325869652448336
218,1.0325368879257193
219,1.032486868949737
220,1.0324369080680746
221,1.032387005033319
222,1.032337159599446
223,1.032287371521818
224,1.032237640557173
225,1.032187966463617
226,1.0321383490006175
227,1.0320887879289964
228,1.0320392830109215
229,1.0319898340098992
230,1.0319404406907693
231,1.031891102819694
232,1.0318418201641548
233,1.0317925924929416
234,1.0317434195761486
235,1.031694301185165
236,1.0316452370926688
237,1.0315962270726202
238,1.0315472709002538
239,1.0314983683520724
240,1.0314495192058393
241,1.0314007232405717
242,1.031351980236534
243,1.031303289975232
244,1.031254652239403
245,1.0312060668130132
246,1.031157533481248
247,1.031109052030506
248,1.0310606222483933
249,1.0310122439237164
250,1.0309639168464744
251,1.0309156408078548
252,1.030867415600225
253,1.030819241017128
254,1.0307711168532725
255,1.0307230429045304
256,1.030675018967928
257,1.0306270448416408
258,1.0305791203249859
259,1.0305312452184177
260,1.0304834193235197
261,1.0304356424430003
262,1.0303879143806844
263,1.0303402349415096
264,1.0302926039315174
265,1.0302450211578507
266,1.0301974864287435
267,1.030149999553519
268,1.0301025603425806
269,1.0300551686074084
270,1.0300078241605504
271,1.0299605268156196
272,1.0299132763872847
273,1.0298660726912698
274,1.0298189155443418
275,1.0297718047643099
276,1.0297247401700171
277,1.0296777215813355
278,1.0296307488191607
279,1.0295838217054056
280,1.0295369400629952
281,1.0294901037158604
282,1.0294433124889335
283,1.029396566208142
284,1.0293498647004027
285,1.0293032077936164
286,1.029256595316663
287,1.029210027099396
288,1.029163502972637
289,1.029117022768168
290,1.0290705863187308
291,1.0290241934580178
292,1.028977844020667
293,1.0289315378422597
294,1.028885274759311
295,1.0288390546092674
296,1.0287928772305015
297,1.0287467424623051
298,1.0287006501448852
299,1.0286546001193602
300,1.028608592227751
301,1.0285626263129801
302,1.0285167022188635
303,1.028470819790107
304,1.0284249788723012
305,1.0283791793119161
306,1.0283334209562969
307,1.0282877036536562
308,1.028242027253074
309,1.0281963916044878
310,1.0281507965586916
311,1.028105241967328
312,1.0280597276828856
313,1.0280142535586927
314,1.027968819448913
315,1.0279234252085414
316,1.0278780706933974
317,1.0278327557601235
318,1.027787480266177
319,1.0277422440698265
320,1.02769704703015
321,1.027651889007025
322,1.0276067698611286
323,1.0275616894539292
324,1.0275166476476851
325,1.0274716443054372
326,1.0274266792910067
327,1.0273817524689888
328,1.0273368637047486
329,1.0272920128644174
330,1.027247199814887
331,1.027202424423806
332,1.0271576865595753
333,1.0271129860913433
334,1.0270683228890019
335,1.0270236968231812
336,1.0269791077652464
337,1.0269345555872922
338,1.0268900401621395
339,1.0268455613633307
340,1.026801119065124
341,1.026756713142492
342,1.0267123434711147
343,1.0266680099273764
344,1.0266237123883606
345,1.026579450731848
346,1.0265352248363098
347,1.0264910345809033
348,1.0264468798454711
349,1.0264027605105326
350,1.026358676457283
351,1.0263146275675874
352,1.0262706137239772
353,1.026226634809647
354,1.0261826907084477
355,1.026138781304886
356,1.0260949064841178
357,1.0260510661319444
358,1.0260072601348098
359,1.0259634883797957
360,1.0259197507546167
361,1.0258760471476183
362,1.0258323774477711
363,1.0257887415446674
364,1.025745139328518
365,1.0257015706901471
366,1.025658035520989
367,1.0256145337130838
368,1.025571065159074
369,1.0255276297522002
370,1.0254842273862976
371,1.025440857955791
372,1.0253975213556936
373,1.025354217481599
374,1.0253109462296819
375,1.0252677074966903
376,1.0252245011799446
377,1.0251813271773327
378,1.025138185387306
379,1.0250950757088755
380,1.0250519980416082
381,1.0250089522856247
382,1.024965938341594
383,1.0249229561107287
384,1.0248800054947842
385,1.0248370863960525
386,1.0247941987173603
387,1.024751342362064
388,1.0247085172340462
389,1.024665723237713
390,1.0246229602779893
391,1.0245802282603151
392,1.0245375270906443
393,1.0244948566754364
394,1.024452216921658
395,1.0244096077367748
396,1.024367029028752
397,1.0243244807060474
398,1.0242819626776096
399,1.024239474852874
400,1.0241970171417594
401,1.0241545894546644
402,1.0241121917024638
403,1.0240698237965051
404,1.0240274856486056
405,1.0239851771710466
406,1.023942898276574
407,1.0239006488783902
408,1.0238584288901547
409,1.023816238225978
410,1.0237740768004187
411,1.023731944528481
412,1.0236898413256106
413,1.0236477671076905
414,1.0236057217910388
415,1.0235637052924051
416,1.0235217175289673
417,1.0234797584183262
418,1.023437827878505
419,1.023395925827944
420,1.023354052185498
421,1.0233122068704334
422,1.0232703898024234
423,1.0232286009015452
424,1.023186840088278
425,1.0231451072834985
426,1.0231034024084769
427,1.0230617253848746
428,1.023020076134741
429,1.02297845458051
430,1.0229368606449964
431,1.0228952942513927
432,1.0228537553232666
433,1.0228122437845553
434,1.0227707595595663
435,1.0227293025729705
436,1.0226878727497999
437,1.022646470015446
438,1.0226050942956555
439,1.022563745516525
440,1.0225224236045012
441,1.022481128486376
442,1.0224398600892828
443,1.0223986183406952
444,1.022357403168421
445,1.0223162145006013
446,1.0222750522657071
447,1.022233916392535
448,1.022192806810204
449,1.022151723448154
450,1.0221106662361414
451,1.0220696351042364
452,1.022028629982819
453,1.0219876508025751
454,1.0219466974944984
455,1.0219057699898801
456,1.0218648682203109
457,1.021823992117676
458,1.0217831416141518
459,1.0217423166422035
460,1.0217015171345818
461,1.0216607430243196
462,1.0216199942447286
463,1.0215792707293971
464,1.0215385724121864
465,1.0214978992272274
466,1.0214572511089177
467,1.0214166279919192
468,1.0213760298111547
469,1.0213354565018036
470,1.021294907999301
471,1.021254384239332
472,1.0212138851578327
473,1.021173410690982
474,1.021132960775203
475,1.021092535347157
476,1.021052134343742
477,1.02101175770209
478,1.0209714053595622
479,1.0209310772537472
480,1.0208907733224588
481,1.0208504935037304
482,1.0208102377358153
483,1.0207700059571807
484,1.0207297981065062
485,1.0206896141226818
486,1.0206494539448017
487,1.0206093175121649
488,1.02056920476427
489,1.0205291156408123
490,1.0204890500816823
491,1.0204490080269615
492,1.0204089894169195
493,1.0203689941920104
494,1.0203290222928727
495,1.020289073660322
496,1.0202491482353522
497,1.0202092459591292
498,1.0201693667729899
499,1.0201295106184394
500,1.0200896774371462
501,1.020049867170941
502,1.0200100797618141
503,1.0199703151519097
504,1.019930573283526
505,1.019890854099111
506,1.0198511575412588
507,1.0198114835527086
508,1.0197718320763407
509,1.0197322030551714
510,1.0196925964323553
511,1.0196530121511769
512,1.0196134501550513
513,1.0195739103875197
514,1.019534392792246
515,1.019494897313016
516,1.0194554238937323
517,1.0194159724784129
518,1.0193765430111865
519,1.0193371354362928
520,1.0192977496980753
521,1.0192583857409814
522,1.0192190435095596
523,1.0191797229484545
524,1.0191404240024056
525,1.0191011466162443
526,1.01906189073489
527,1.0190226563033482
528,1.0189834432667069
529,1.0189442515701348
530,1.0189050811588762
531,1.0188659319782511
532,1.0188268039736497
533,1.0187876970905312
534,1.0187486112744197
535,1.0187095464709026
536,1.0186705026256266
537,1.0186314796842948
538,1.018592477592665
539,1.018553496296546
540,1.018514535741794
541,1.0184755958743112
542,1.0184366766400421
543,1.0183977779849704
544,1.0183588998551174
545,1.0183200421965368
546,1.0182812049553136
547,1.0182423880775622
548,1.0182035915094203
549,1.0181648151970486
550,1.0181260590866275
551,1.0180873231243535
552,1.0180486072564368
553,1.0180099114290981
554,1.0179712355885673
555,1.0179325796810774
556,1.0178939436528651
557,1.0178553274501652
558,1.01781673101921
559,1.0177781543062248
560,1.017739597257425
561,1.017701059819015
562,1.0176625419371832
563,1.0176240435581003
564,1.017585564627916
565,1.0175471050927563
566,1.0175086648987213
567,1.0174702439918808
568,1.0174318423182722
569,1.0173934598238985
570,1.0173550964547242
571,1.0173167521566724
572,1.0172784268756228
573,1.017240120557409
574,1.0172018331478139
575,1.0171635645925685
576,1.0171253148373478
577,1.0170870838277706
578,1.017048871509392
579,1.0170106778277042
580,1.0169725027281338
581,1.0169343461560352
582,1.016896208056692
583,1.016858088375312
584,1.0168199870570243
585,1.016781904046877
586,1.0167438392898336
587,1.0167057927307706
588,1.0166677643144757
589,1.0166297539856421
590,1.0165917616888687
591,1.0165537873686548
592,1.0165158309693993
593,1.0164778924353957
594,1.0164399717108303
595,1.0164020687397803
596,1.0163641834662085
597,1.0163263158339628
598,1.0162884657867715
599,1.0162506332682417
600,1.016212818221856
601,1.0161750205909679
602,1.0161372403188027
603,1.0160994773484509
604,1.016061731622867
605,1.0160240030848666
606,1.0159862916771232
607,1.0159485973421645
608,1.0159109200223715
609,1.0158732596599735
610,1.0158356161970468
611,1.0157979895755096
612,1.0157603797371229
613,1.015722786623483
614,1.0156852101760214
615,1.0156476503360017
616,1.0156101070445163
617,1.0155725802424826
618,1.0155350698706413
619,1.0154975758695537
620,1.0154600981795965
621,1.015422636740962
622,1.0153851914936527
623,1.0153477623774796
624,1.0153103493320594
625,1.0152729522968102
626,1.0152355712109495
627,1.0151982060134923
628,1.0151608566432455
629,1.0151235230388078
630,1.0150862051385643
631,1.0150489028806855
632,1.0150116162031235
633,1.014974345043608
634,1.0149370893396459
635,1.0148998490285155
636,1.0148626240472658
637,1.0148254143327111
638,1.0147882198214317
639,1.014751040449767
640,1.0147138761538141
641,1.0146767268694261
642,1.0146395925322071
643,1.014602473077511
644,1.0145653684404357
645,1.0145282785558238
646,1.014491203358257
647,1.0144541427820535
648,1.014417096761267
649,1.014380065229679
650,1.014343048120802
651,1.0143060453678714
652,1.0142690569038462
653,1.014232082661401
654,1.01419512257293
655,1.014158176570537
656,1.0141212445860381
657,1.0140843265509536
658,1.0140474223965095
659,1.0140105320536312
660,1.0139736554529424
661,1.0139367925247604
662,1.0138999431990952
663,1.013863107405644
664,1.0138262850737905
665,1.0137894761325998
666,1.013752680510817
667,1.0137158981368626
668,1.013679128938831
669,1.0136423728444863
670,1.0136056297812592
671,1.0135688996762453
672,1.0135321824562
673,1.0134954780475371
674,1.0134587863763245
675,1.0134221073682823
676,1.0133854409487784
677,1.0133487870428268
678,1.0133121455750824
679,1.0132755164698417
680,1.0132388996510344
681,1.013202295042225
682,1.0131657025666072
683,1.0131291221470013
684,1.0130925537058515
685,1.013055997165222
686,1.0130194524467946
687,1.0129829194718654
688,1.012946398161341
689,1.0129098884357364
690,1.0128733902151705
691,1.0128369034193654
692,1.0128004279676395
693,1.0127639637789079
694,1.0127275107716773
695,1.012691068864044
696,1.0126546379736887
697,1.0126182180178755
698,1.0125818089134482
699,1.0125454105768257
700,1.0125090229240012
701,1.0124726458705369
702,1.0124362793315613
703,1.0123999232217673
704,1.0123635774554072
705,1.0123272419462908
706,1.0122909166077811
707,1.0122546013527922
708,1.0122182960937849
709,1.012182000742765
710,1.0121457152112778
711,1.012109439410408
712,1.012073173250773
713,1.012036916642522
714,1.0120006694953325
715,1.0119644317184056
716,1.0119282032204646
717,1.0118919839097507
718,1.0118557736940195
719,1.0118195724805388
720,1.0117833801760838
721,1.0117471966869354
722,1.011711021918876
723,1.0116748557771864
724,1.0116386981666419
725,1.0116025489915104
726,1.011566408155548
727,1.0115302755619955
728,1.0114941511135758
729,1.0114580347124908
730,1.0114219262604172
731,1.0113858256585027
732,1.0113497328073653
733,1.0113136476070865
734,1.01127756995721
735,1.0112414997567396
736,1.011205436904131
737,1.0111693812972944
738,1.0111333328335874
739,1.011097291409812
740,1.0110612569222128
741,1.011025229266472
742,1.0109892083377068
743,1.010953194030466
744,1.0109171862387256
745,1.0108811848558876
746,1.010845189774774
747,1.0108092008876255
748,1.010773218086096
749,1.0107372412612516
750,1.0107012703035652
751,1.0106653051029144
752,1.0106293455485758
753,1.0105933915292253
754,1.0105574429329314
755,1.0105214996471525
756,1.0104855615587351
757,1.0104496285539073
758,1.0104137005182792
759,1.0103777773368348
760,1.0103418588939326
761,1.0103059450733
762,1.010270035758031
763,1.0102341308305807
764,1.0101982301727634
765,1.0101623336657501
766,1.0101264411900621
767,1.010090552625569
768,1.0100546678514863
769,1.01001878674637
770,1.0099829091881134
771,1.0099470350539455
772,1.0099111642204233
773,1.0098752965634332
774,1.0098394319581843
775,1.0098035702792048
776,1.0097677114003403
777,1.0097318551947487
778,1.0096960015348968
779,1.009660150292557
780,1.009624301338804
781,1.0095884545440104
782,1.0095526097778436
783,1.009516766909262
784,1.0094809258065116
785,1.0094450863371225
786,1.0094092483679042
787,1.009373411764944
788,1.0093375763936003
789,1.0093017421185024
790,1.009265908803544
791,1.0092300763118818
792,1.0091942445059299
793,1.009158413247357
794,1.0091225823970829
795,1.0090867518152749
796,1.0090509213613428
797,1.0090150908939373
798,1.0089792602709444
799,1.0089434293494823
800,1.0089075979858984
801,1.0088717660357647
802,1.008835933353875
803,1.0088000997942392
804,1.008764265210082
805,1.008728429453837
806,1.0086925923771453
807,1.0086567538308493
808,1.00862091366499
809,1.0085850717288043
810,1.0085492278707189
811,1.0085133819383483
812,1.0084775337784906
813,1.0084416832371235
814,1.0084058301594
815,1.008369974389646
816,1.0083341157713552
817,1.0082982541471857
818,1.008262389358956
819,1.0082265212476416
820,1.0081906496533701
821,1.0081547744154196
822,1.0081188953722118
823,1.0080830123613111
824,1.0080471252194176
825,1.0080112337823668
826,1.0079753378851224
827,1.007939437361775
828,1.0079035320455358
829,1.007867621768735
830,1.0078317063628162
831,1.0077957856583337
832,1.007759859484948
833,1.0077239276714212
834,1.0076879900456142
835,1.0076520464344825
836,1.007616096664072
837,1.0075801405595142
838,1.007544177945025
839,1.007508208643897
840,1.0074722324784988
841,1.0074362492702686
842,1.007400258839712
843,1.0073642610063964
844,1.0073282555889493
845,1.0072922424050517
846,1.0072562212714353
847,1.0072201920038788
848,1.0071841544172035
849,1.0071481083252691
850,1.00711205354097
851,1.0070759898762311
852,1.0070399171420037
853,1.0070038351482613
854,1.0069677437039966
855,1.0069316426172155
856,1.0068955316949344
857,1.006859410743177
858,1.0068232795669672
859,1.0067871379703281
860,1.0067509857562764
861,1.0067148227268188
862,1.0066786486829469
863,1.006642463424635
864,1.0066062667508338
865,1.006570058459468
866,1.0065338383474307
867,1.006497606210581
868,1.0064613618437384
869,1.0064251050406798
870,1.0063888355941326
871,1.006352553295776
872,1.0063162579362301
873,1.0062799493050576
874,1.0062436271907558
875,1.0062072913807543
876,1.0061709416614095
877,1.0061345778180022
878,1.0060981996347318
879,1.006061806894713
880,1.00602539937997
881,1.0059889768714352
882,1.0059525391489423
883,1.005916085991224
884,1.0058796171759046
885,1.0058431324795014
886,1.0058066316774137
887,1.0057701145439242
888,1.0057335808521912
889,1.0056970303742465
890,1.005660462880989
891,1.005623878142183
892,1.0055872759264513
893,1.0055506560012732
894,1.0055140181329785
895,1.005477362086744
896,1.0054406876265902
897,1.0054039945153737
898,1.005367282514787
899,1.0053305513853514
900,1.005293800886414
901,1.0052570307761421
902,1.005220240811521
903,1.005183430748347
904,1.0051466003412255
905,1.0051097493435648
906,1.005072877507573
907,1.0050359845842534
908,1.0049990703233989
909,1.0049621344735897
910,1.0049251767821878
911,1.0048881969953323
912,1.0048511948579348
913,1.004814170113678
914,1.0047771225050066
915,1.004740051773126
916,1.004702957657998
917,1.0046658398983344
918,1.0046286982315948
919,1.004591532393981
920,1.0045543421204317
921,1.004517127144621
922,1.004479887198951
923,1.0044426220145484
924,1.004405331321261
925,1.0043680148476521
926,1.0043306723209966
927,1.0042933034672759
928,1.0042559080111744
929,1.004218485676075
930,1.0041810361840533
931,1.0041435592558752
932,1.0041060546109908
933,1.0040685219675307
934,1.004030961042301
935,1.0039933715507803
936,1.0039557532071128
937,1.003918105724106
938,1.0038804288132253
939,1.0038427221845891
940,1.003804985546966
941,1.0037672186077675
942,1.003729421073047
943,1.0036915926474923
944,1.0036537330344228
945,1.0036158419357846
946,1.0035779190521454
947,1.0035399640826912
948,1.0035019767252207
949,1.0034639566761416
950,1.0034259036304656
951,1.003387817281804
952,1.0033496973223632
953,1.0033115434429407
954,1.0032733553329192
955,1.0032351326802638
956,1.003196875171517
957,1.003158582491793
958,1.0031202543247746
959,1.0030818903527083
960,1.0030434902563992
961,1.0030050537152073
962,1.002966580407043
963,1.0029280700083611
964,1.0028895221941585
965,1.0028509366379685
966,1.0028123130118554
967,1.0027736509864118
968,1.0027349502307528
969,1.0026962104125128
970,1.002657431197839
971,1.0026186122513876
972,1.0025797532363216
973,1.0025408538143021
974,1.002501913645488
975,1.002462932388528
976,1.0024239097005576
977,1.0023848452371957
978,1.0023457386525383
979,1.0023065895991536
980,1.002267397728081
981,1.002228162688821
982,1.002188884129336
983,1.002149561696043
984,1.002110195033809
985,1.0020707837859484
986,1.0020313275942156
987,1.0019918260988039
988,1.0019522789383375
989,1.0019126857498701
990,1.0018730461688783
991,1.001833359829258
992,1.0017936263633196
993,1.001753845401784
994,1.0017140165737777
995,1.0016741395068274
996,1.001634213826858
997,1.0015942391581851
998,1.0015542151235137
999,1.0015141413439306
1000,1.001474017438902
1001,1.001433843026268
1002,1.0013936177222391
1003,1.0013533411413906
1004,1.0013130128966594
1005,1.0012726325993384
1006,1.001232199859072
1007,1.0011917142838536
1008,1.0011511754800186
1009,1.0011105830522413
1010,1.0010699366035305
1011,1.0010292357352248
1012,1.0009884800469881
1013,1.000947669136805
1014,1.0009068026009778
1015,1.0008658800341197
1016,1.0008249010291521
1017,1.0007838651773002
1018,1.000742772068088
1019,1.0007016212893343
1020,1.0006604124271474
1021,1.000619145065922
1022,1.000577818788335
1023,1.000536433175339
1024,1.0004949878061606
1025,1.0004534822582944
1026,1.0004119161074991
1027,1.0003702889277934
1028,1.0003286002914513
1029,1.0002868497689978
1030,1.0002450369292053
1031,1.000203161339088
1032,1.0001612225638994
1033,1.0001192201671258
1034,1.000077153710484
1035,1.000035022753916
1036,0.9999928268555848
1037,0.9999505655718703
1038,0.9999082384573655
1039,0.9998658450648714
1040,0.9998233849453938
1041,0.9997808576481371
1042,0.9997382627205038
1043,0.9996955997080856
1044,0.9996528681546631
1045,0.9996100676021996
1046,0.9995671975908376
1047,0.9995242576588947
1048,0.9994812473428583
1049,0.9994381661773835
1050,0.9993950136952877
1051,0.9993517894275461
1052,0.9993084929032889
1053,0.9992651236497956
1054,0.9992216811924926
1055,0.9991781650549476
1056,0.9991345747588672
1057,0.9990909098240902
1058,0.9990471697685873
1059,0.9990033541084536
1060,0.9989594623579067
1061,0.9989154940292811
1062,0.9988714486330265
1063,0.9988273256777007
1064,0.9987831246699692
1065,0.9987388451145978
1066,0.9986944865144511
1067,0.9986500483704879
1068,0.9986055301817562
1069,0.998560931445391
1070,0.9985162516566092
1071,0.9984714903087063
1072,0.9984266468930522
1073,0.9983817208990878
1074,0.9983367118143204
1075,0.998291619124321
1076,0.9982464423127189
1077,0.9982011808611991
1078,0.9981558342494995
1079,0.9981104019554041
1080,0.9980648834547421
1081,0.9980192782213825
1082,0.9979735857272313
1083,0.997927805442227
1084,0.9978819368343383
1085,0.9978359793695584
1086,0.9977899325119028
1087,0.9977437957234054
1088,0.997697568464115
1089,0.9976512501920896
1090,0.9976048403633969
1091,0.9975583384321068
1092,0.9975117438502903
1093,0.9974650560680147
1094,0.9974182745333403
1095,0.9973713986923165
1096,0.99732442798898
1097,0.9972773618653485
1098,0.9972301997614201
1099,0.9971829411151678
1100,0.9971355853625369
1101,0.997088131937441
1102,0.9970405802717601
1103,0.9969929297953344
1104,0.996945179935964
1105,0.9968973301194035
1106,0.9968493797693596
1107,0.996801328307487
1108,0.9967531751533859
1109,0.9967049197245978
1110,0.9966565614366036
1111,0.9966080997028182
1112,0.9965595339345893
1113,0.9965108635411937
1114,0.9964620879298325
1115,0.9964132065056299
1116,0.9963642186716295
1117,0.9963151238287906
1118,0.9962659213759841
1119,0.9962166107099923
1120,0.9961671912255029
1121,0.9961176623151079
1122,0.9960680233692988
1123,0.9960182737764642
1124,0.9959684129228878
1125,0.9959184401927437
1126,0.9958683549680942
1127,0.9958181566288873
1128,0.995767844552952
1129,0.995717418115997
1130,0.9956668766916075
1131,0.995616219651241
1132,0.9955654463642263
1133,0.995514556197759
1134,0.9954635485168988
1135,0.9954124226845676
1136,0.9953611780615454
1137,0.9953098140064691
1138,0.9952583298758272
1139,0.9952067250239592
1140,0.9951549988030518
1141,0.9951031505631363
1142,0.9950511796520858
1143,0.9949990854156119
1144,0.9949468671972636
1145,0.994894524338422
1146,0.9948420561783002
1147,0.9947894620539385
1148,0.9947367413002035
1149,0.9946838932497839
1150,0.9946309172331876
1151,0.9945778125787423
1152,0.9945245786125878
1153,0.9944712146586777
1154,0.9944177200387745
1155,0.9943640940724472
1156,0.99431033607707
1157,0.9942564453678175
1158,0.9942024212576651
1159,0.9941482630573831
1160,0.994093970075537
1161,0.9940395416184827
1162,0.9939849769903663
1163,0.9939302754931192
1164,0.9938754364264569
1165,0.993820459087877
1166,0.9937653427726547
1167,0.9937100867738434
1168,0.9936546903822686
1169,0.9935991528865282
1170,0.9935434735729896
1171,0.9934876517257849
1172,0.9934316866268125
1173,0.9933755775557311
1174,0.9933193237899588
1175,0.9932629246046708
1176,0.9932063792727963
1177,0.9931496870650164
1178,0.993092847249762
1179,0.9930358590932115
1180,0.9929787218592863
1181,0.9929214348096521
1182,0.9928639972037134
1183,0.9928064082986117
1184,0.9927486673492247
1185,0.9926907736081625
1186,0.9926327263257642
1187,0.9925745247500979
1188,0.9925161681269573
1189,0.9924576556998579
1190,0.9923989867100372
1191,0.9923401603964498
1192,0.9922811759957668
1193,0.992222032742372
1194,0.9921627298683606
1195,0.9921032666035364
1196,0.9920436421754084
1197,0.9919838558091904
1198,0.9919239067277965
1199,0.9918637941518392
1200,0.9918035172996287
1201,0.9917430753871672
1202,0.9916824676281494
1203,0.9916216932339581
1204,0.9915607514136628
1205,0.991499641374016
1206,0.9914383623194525
1207,0.9913769134520849
1208,0.9913152939717015
1209,0.9912535030757652
1210,0.991191539959409
1211,0.9911294038154349
1212,0.9910670938343096
1213,0.9910046092041636
1214,0.990941949110787
1215,0.9908791127376283
1216,0.9908160992657904
1217,0.9907529078740284
1218,0.9906895377387474
1219,0.9906259880339983
1220,0.9905622579314768
1221,0.9904983466005182
1222,0.9904342532080974
1223,0.9903699769188243
1224,0.99030551689494
1225,0.9902408722963166
1226,0.9901760422804513
1227,0.9901110260024651
1228,0.9900458226150997
1229,0.9899804312687137
1230,0.9899148511112806
1231,0.9898490812883838
1232,0.9897831209432151
1233,0.9897169692165709
1234,0.9896506252468493
1235,0.989584088170046
1236,0.9895173571197509
1237,0.9894504312271466
1238,0.9893833096210024
1239,0.9893159914276723
1240,0.9892484757710915
1241,0.9891807617727725
1242,0.9891128485518006
1243,0.9890447352248326
1244,0.9889764209060901
1245,0.9889079047073585
1246,0.9888391857379814
1247,0.9887702631048565
1248,0.9887011359124339
1249,0.9886318032627093
1250,0.988562264255222
1251,0.9884925179870497
1252,0.9884225635528051
1253,0.9883524000446305
1254,0.988282026552195
1255,0.9882114421626895
1256,0.9881406459608207
1257,0.98806963702881
1258,0.987998414446386
1259,0.9879269772907808
1260,0.9878553246367261
1261,0.9877834555564466
1262,0.9877113691196575
1263,0.9876390643935573
1264,0.987566540442825
1265,0.9874937963296119
1266,0.9874208311135406
1267,0.9873476438516966
1268,0.9872742335986238
1269,0.9872005994063189
1270,0.9871267403242274
1271,0.9870526553992358
1272,0.9869783436756678
1273,0.9869038041952773
1274,0.9868290359972428
1275,0.9867540381181623
1276,0.9866788095920467
1277,0.9866033494503124
1278,0.986527656721778
1279,0.9864517304326558
1280,0.9863755696065446
1281,0.9862991732644264
1282,0.986222540424657
1283,0.9861456701029601
1284,0.9860685613124202
1285,0.9859912130634769
1286,0.9859136243639163
1287,0.9858357942188647
1288,0.9857577216307811
1289,0.9856794055994503
1290,0.9856008451219741
1291,0.9855220391927659
1292,0.9854429868035407
1293,0.9853636869433084
1294,0.9852841385983668
1295,0.9852043407522908
1296,0.9851242923859276
1297,0.9850439924773849
1298,0.9849634400020262
1299,0.9848826339324586
1300,0.9848015732385275
1301,0.9847202568873044
1302,0.9846386838430806
1303,0.984556853067357
1304,0.9844747635188359
1305,0.9843924141534091
1306,0.9843098039241518
1307,0.984226931781311
1308,0.9841437966722952
1309,0.9840603975416666
1310,0.9839767333311296
1311,0.983892802979521
1312,0.9838086054227992
1313,0.9837241395940352
1314,0.9836394044234001
1315,0.9835543988381559
1316,0.9834691217626432
1317,0.983383572118272
1318,0.9832977488235095
1319,0.9832116507938674
1320,0.9831252769418936
1321,0.9830386261771578
1322,0.9829516974062406
1323,0.9828644895327222
1324,0.9827770014571691
1325,0.9826892320771232
1326,0.9826011802870882
1327,0.9825128449785184
1328,0.9824242250398035
1329,0.9823353193562592
1330,0.9822461268101113
1331,0.9821566462804832
1332,0.9820668766433833
1333,0.981976816771692
1334,0.981886465535145
1335,0.9817958218003233
1336,0.9817048844306361
1337,0.981613652286309
1338,0.9815221242243678
1339,0.9814302990986248
1340,0.9813381757596638
1341,0.9812457530548265
1342,0.981153029828196
1343,0.9810600049205813
1344,0.9809666771695041
1345,0.9808730454091807
1346,0.9807791084705089
1347,0.9806848651810497
1348,0.9805903143650128
1349,0.9804954548432396
1350,0.9804002854331881
1351,0.9803048049489143
1352,0.9802090122010578
1353,0.9801129059968232
1354,0.9800164851399638
1355,0.9799197484307638
1356,0.979822694666022
1357,0.9797253226390338
1358,0.9796276311395721
1359,0.9795296189538717
1360,0.9794312848646104
1361,0.9793326276508889
1362,0.9792336460882151
1363,0.9791343389484851
1364,0.979034704999962
1365,0.9789347430072608
1366,0.9788344517313261
1367,0.9787338299294144
1368,0.9786328763550742
1369,0.9785315897581276
1370,0.9784299688846487
1371,0.9783280124769453
1372,0.978225719273538
1373,0.9781230880091397
1374,0.978020117414637
1375,0.9779168062170682
1376,0.9778131531396017
1377,0.9777091569015179
1378,0.9776048162181861
1379,0.9775001298010438
1380,0.9773950963575762
1381,0.9772897145912935
1382,0.9771839832017102
1383,0.9770779008843236
1384,0.9769714663305915
1385,0.9768646782279096
1386,0.9767575352595896
1387,0.9766500361048398
1388,0.9765421794387368
1389,0.9764339639322083
1390,0.9763253882520081
1391,0.9762164510606933
1392,0.9761071510166017
1393,0.9759974867738292
1394,0.9758874569822052
1395,0.9757770602872708
1396,0.9756662953302544
1397,0.9755551607480482
1398,0.9754436551731857
1399,0.9753317772338161
1400,0.975219525553682
1401,0.9751068987520947
1402,0.9749938954439096
1403,0.9748805142395034
1404,0.9747667537447485
1405,0.9746526125609898
1406,0.9745380892850183
1407,0.9744231825090492
1408,0.9743078908206959
1409,0.9741922128029439
1410,0.9740761470341296
1411,0.9739596920879119
1412,0.9738428465332487
1413,0.9737256089343729
1414,0.9736079778507656
1415,0.9734899518371323
1416,0.9733715294433769
1417,0.973252709214578
1418,0.9731334896909606
1419,0.9730138694078752
1420,0.9728938468957682
1421,0.9727734206801598
1422,0.9726525892816174
1423,0.972531351215729
1424,0.9724097049930803
1425,0.9722876491192283
1426,0.9721651820946737
1427,0.9720423024148405
1428,0.9719190085700451
1429,0.9717952990454746
1430,0.9716711723211602
1431,0.9715466268719519
1432,0.9714216611674931
1433,0.9712962736721957
1434,0.9711704628452147
1435,0.9710442271404232
1436,0.9709175650063862
1437,0.9707904748863372
1438,0.9706629552181523
1439,0.9705350044343249
1440,0.9704066209619413
1441,0.9702778032226567
1442,0.970148549632668
1443,0.9700188586026923
1444,0.9698887285379398
1445,0.9697581578380923
1446,0.9696271448972745
1447,0.9694956881040344
1448,0.9693637858413171
1449,0.9692314364864403
1450,0.9690986384110725
1451,0.9689653899812066
1452,0.9688316895571398
1453,0.9686975354934474
1454,0.9685629261389614
1455,0.9684278598367465
1456,0.9682923349240784
1457,0.9681563497324206
1458,0.9680199025874012
1459,0.967882991808793
1460,0.9677456157104888
1461,0.9676077726004826
1462,0.967469460780845
1463,0.9673306785477045
1464,0.9671914241912254
1465,0.9670516959955867
1466,0.9669114922389629
1467,0.966770811193502
1468,0.9666296511253079
1469,0.9664880102944182
1470,0.9663458869547864
1471,0.9662032793542634
1472,0.9660601857345779
1473,0.9659166043313163
1474,0.9657725333739096
1475,0.9656279710856097
1476,0.9654829156834764
1477,0.9653373653783591
1478,0.9651913183748799
1479,0.9650447728714171
1480,0.96489772706009
1481,0.9647501791267431
1482,0.9646021272509322
1483,0.9644535696059078
1484,0.9643045043586023
1485,0.9641549296696158
1486,0.9640048436932032
1487,0.9638542445772611
1488,0.9637031304633153
1489,0.9635514994865086
1490,0.9633993497755907
1491,0.9632466794529059
1492,0.9630934866343837
1493,0.9629397694295276
1494,0.962785525941408
1495,0.9626307542666508
1496,0.9624754524954313
1497,0.9623196187114655
1498,0.9621632509920021
1499,0.962006347407818
1500,0.9618489060232113
1501,0.961690924895996
1502,0.961532402077496
1503,0.9613733356125447
1504,0.9612137235394768
1505,0.9610535638901287
1506,0.9608928546898355
1507,0.9607315939574292
1508,0.9605697797052386
1509,0.960407409939088
1510,0.9602444826582992
1511,0.9600809958556914
1512,0.959916947517584
1513,0.9597523356238005
1514,0.9595871581476686
1515,0.9594214130560285
1516,0.959255098309235
1517,0.9590882118611651
1518,0.9589207516592235
1519,0.9587527156443503
1520,0.9585841017510295
1521,0.9584149079072977
1522,0.9582451320347541
1523,0.9580747720485724
1524,0.9579038258575094
1525,0.9577322913639211
1526,0.9575601664637736
1527,0.9573874490466584
1528,0.9572141369958068
1529,0.957040228188107
1530,0.9568657204941204
1531,0.9566906117780998
1532,0.9565148998980085
1533,0.9563385827055402
1534,0.9561616580461388
1535,0.9559841237590219
1536,0.9558059776772024
1537,0.9556272176275135
1538,0.9554478414306323
1539,0.9552678469011076
1540,0.9550872318473835
1541,0.9549059940718321
1542,0.9547241313707788
1543,0.9545416415345347
1544,0.954358522347426
1545,0.954174771587829
1546,0.9539903870282013
1547,0.9538053664351174
1548,0.9536197075693051
1549,0.9534334081856809
1550,0.9532464660333904
1551,0.9530588788558453
1552,0.9528706443907654
1553,0.9526817603702196
1554,0.9524922245206695
1555,0.9523020345630132
1556,0.9521111882126297
1557,0.9519196831794282
1558,0.9517275171678925
1559,0.9515346878771336
1560,0.9513411930009372
1561,0.9511470302278178
1562,0.95095219724107
1563,0.9507566917188245
1564,0.9505605113341019
1565,0.9503636537548712
1566,0.9501661166441087
1567,0.9499678976598551
1568,0.9497689944552798
1569,0.9495694046787412
1570,0.9493691259738517
1571,0.9491681559795426
1572,0.948966492330131
1573,0.9487641326553876
1574,0.9485610745806066
1575,0.9483573157266767
1576,0.948152853710154
1577,0.9479476861433354
1578,0.9477418106343328
1579,0.9475352247871535
1580,0.9473279262017753
1581,0.9471199124742279
1582,0.9469111811966743
1583,0.9467017299574928
1584,0.9464915563413633
1585,0.9462806579293515
1586,0.9460690322989975
1587,0.945856677024406
1588,0.9456435896763338
1589,0.9454297678222863
1590,0.9452152090266077
1591,0.9449999108505789
1592,0.9447838708525143
1593,0.9445670865878594
1594,0.9443495556092925
1595,0.9441312754668256
1596,0.9439122437079093
1597,0.9436924578775366
1598,0.9434719155183515
1599,0.9432506141707567
1600,0.9430285513730237
1601,0.9428057246614048
1602,0.942582131570248
1603,0.9423577696321105
1604,0.942132636377877
1605,0.9419067293368784
1606,0.9416800460370118
1607,0.941452584004863
1608,0.9412243407658305
1609,0.9409953138442507
1610,0.9407655007635256
1611,0.9405348990462523
1612,0.9403035062143531
1613,0.9400713197892093
1614,0.9398383372917934
1615,0.9396045562428083
1616,0.9393699741628223
1617,0.9391345885724105
1618,0.9388983969922964
1619,0.9386613969434936
1620,0.9384235859474518
1621,0.9381849615262041
1622,0.9379455212025152
1623,0.9377052625000302
1624,0.9374641829434294
1625,0.9372222800585799
1626,0.9369795513726928
1627,0.9367359944144806
1628,0.9364916067143153
1629,0.9362463858043911
1630,0.936000329218886
1631,0.935753434494127
1632,0.9355056991687569
1633,0.9352571207839028
1634,0.9350076968833438
1635,0.9347574250136871
1636,0.9345063027245374
1637,0.934254327568675
1638,0.9340014971022323
1639,0.9337478088848725
1640,0.9334932604799707
1641,0.9332378494547963
1642,0.9329815733806971
1643,0.9327244298332867
1644,0.9324664163926304
1645,0.932207530643436
1646,0.9319477701752455
1647,0.9316871325826273
1648,0.9314256154653716
1649,0.9311632164286867
1650,0.9308999330833981
1651,0.9306357630461473
1652,0.9303707039395952
1653,0.9301047533926233
1654,0.9298379090405415
1655,0.9295701685252935
1656,0.9293015294956649
1657,0.9290319896074944
1658,0.9287615465238855
1659,0.9284901979154198
1660,0.9282179414603722
1661,0.9279447748449278
1662,0.9276706957633997
1663,0.92739570191845
1664,0.9271197910213108
1665,0.9268429607920076
1666,0.9265652089595838
1667,0.9262865332623266
1668,0.9260069314479963
1669,0.9257264012740527
1670,0.92544494050789
1671,0.925162546927065
1672,0.9248792183195342
1673,0.9245949524838857
1674,0.9243097472295803
1675,0.924023600377184
1676,0.923736509758613
1677,0.9234484732173697
1678,0.9231594886087884
1679,0.9228695538002766
1680,0.9225786666715616
1681,0.9222868251149346
1682,0.9219940270354992
1683,0.9217002703514205
1684,0.9214055529941743
1685,0.9211098729087979
1686,0.920813228054142
1687,0.9205156164031251
1688,0.9202170359429872
1689,0.9199174846755459
1690,0.9196169606174519
1691,0.9193154618004482
1692,0.9190129862716279
1693,0.918709532093693
1694,0.9184050973452167
1695,0.9180996801209041
1696,0.9177932785318546
1697,0.9174858907058244
1698,0.9171775147874927
1699,0.916868148938724
1700,0.9165577913388361
1701,0.9162464401848651
1702,0.9159340936918325
1703,0.9156207500930138
1704,0.9153064076402061
1705,0.9149910646039977
1706,0.9146747192740365
1707,0.9143573699593024
1708,0.9140390149883746
1709,0.9137196527097056
1710,0.9133992814918903
1711,0.9130778997239397
1712,0.9127555058155512
1713,0.9124320981973818
1714,0.912107675321322
1715,0.9117822356607652
1716,0.9114557777108847
1717,0.9111282999889041
1718,0.9107998010343712
1719,0.9104702794094317
1720,0.910139733699102
1721,0.9098081625115412
1722,0.9094755644783274
1723,0.9091419382547272
1724,0.9088072825199692
1725,0.9084715959775187
1726,0.9081348773553468
1727,0.9077971254062032
1728,0.9074583389078897
1729,0.9071185166635289
1730,0.9067776575018345
1731,0.9064357602773836
1732,0.9060928238708843
1733,0.9057488471894444
1734,0.9054038291668407
1735,0.9050577687637866
1736,0.9047106649681962
1737,0.9043625167954525
1738,0.904013323288672
1739,0.9036630835189675
1740,0.903311796585711
1741,0.9029594616167979
1742,0.9026060777689039
1743,0.9022516442277481
1744,0.9018961602083497
1745,0.9015396249552847
1746,0.9011820377429434
1747,0.9008233978757811
1748,0.9004637046885766
1749,0.9001029575466788
1750,0.8997411558462578
1751,0.8993782990145546
1752,0.8990143865101257
1753,0.8986494178230899
1754,0.8982833924753687
1755,0.8979163100209301
1756,0.8975481700460259
1757,0.8971789721694308
1758,0.8968087160426753
1759,0.8964374013502812
1760,0.8960650278099905
1761,0.8956915951729967
1762,0.8953171032241684
1763,0.8949415517822756
1764,0.894564940700211
1765,0.8941872698652081
1766,0.8938085391990613
1767,0.8934287486583355
1768,0.8930478982345815
1769,0.8926659879545438
1770,0.8922830178803656
1771,0.8918989881097943
1772,0.8915138987763795
1773,0.891127750049673
1774,0.8907405421354222
1775,0.8903522752757604
1776,0.8899629497493982
1777,0.8895725658718054
1778,0.889181123995395
1779,0.8887886245097013
1780,0.8883950678415558
1781,0.8880004544552571
1782,0.8876047848527422
1783,0.8872080595737488
1784,0.8868102791959782
1785,0.8864114443352527
1786,0.8860115556456681
1787,0.8856106138197459
1788,0.8852086195885791
1789,0.8848055737219724
1790,0.884401477028585
1791,0.8839963303560606
1792,0.8835901345911606
1793,0.88318289065989
1794,0.8827745995276188
1795,0.8823652621992011
1796,0.8819548797190869
1797,0.8815434531714346
1798,0.8811309836802119
1799,0.8807174724093004
1800,0.8803029205625885
1801,0.8798873293840651
1802,0.8794707001579052
1803,0.879053034208553
1804,0.8786343329007985
1805,0.8782145976398519
1806,0.8777938298714105
1807,0.8773720310817223
1808,0.8769492027976451
1809,0.8765253465866979
1810,0.8761004640571133
1811,0.8756745568578759
1812,0.8752476266787645
1813,0.8748196752503852
1814,0.8743907043441972
1815,0.8739607157725385
1816,0.8735297113886422
1817,0.8730976930866496
1818,0.872664662801617
1819,0.8722306225095174
1820,0.8717955742272391
1821,0.8713595200125733
1822,0.8709224619642034
1823,0.8704844022216819
1824,0.8700453429654088
1825,0.8696052864165971
1826,0.8691642348372381
1827,0.8687221905300604
1828,0.8682791558384811
1829,0.8678351331465511
1830,0.8673901248788993
1831,0.8669441335006659
1832,0.8664971615174324
1833,0.8660492114751452
1834,0.8656002859600352
1835,0.8651503875985274
1836,0.8646995190571503
1837,0.8642476830424342
1838,0.863794882300808
1839,0.8633411196184864
1840,0.862886397821355
1841,0.8624307197748458
1842,0.8619740883838082
1843,0.8615165065923772
1844,0.86105797738383
1845,0.8605985037804407
1846,0.8601380888433284
1847,0.8596767356722977
1848,0.8592144474056768
1849,0.8587512272201447
1850,0.8582870783305561
1851,0.8578220039897606
1852,0.8573560074884135
1853,0.8568890921547807
1854,0.8564212613545428
1855,0.8559525184905852
1856,0.8554828670027892
1857,0.8550123103678128
1858,0.8545408520988688
1859,0.8540684957454936
1860,0.8535952448933143
1861,0.8531211031638047
1862,0.852646074214042
1863,0.8521701617364512
1864,0.851693369458548
1865,0.8512157011426735
1866,0.8507371605857257
1867,0.8502577516188823
1868,0.8497774781073187
1869,0.8492963439499238
1870,0.8488143530790028
1871,0.8483315094599823
1872,0.847847817091105
1873,0.8473632800031182
1874,0.8468779022589618
1875,0.8463916879534448
1876,0.8459046412129205
1877,0.8454167661949541
1878,0.8449280670879865
1879,0.8444385481109903
1880,0.8439482135131235
1881,0.843457067573376
1882,0.8429651146002104
1883,0.8424723589311996
1884,0.8419788049326572
1885,0.8414844569992651
1886,0.840989319553692
1887,0.8404933970462132
1888,0.8399966939543181
1889,0.8394992147823181
1890,0.8390009640609495
1891,0.8385019463469653
1892,0.8380021662227334
1893,0.837501628295819
1894,0.837000337198567
1895,0.8364982975876836
1896,0.8359955141438054
1897,0.835491991571071
1898,0.8349877345966843
1899,0.8344827479704743
1900,0.8339770364644519
1901,0.8334706048723604
1902,0.8329634580092229
1903,0.8324556007108871
1904,0.8319470378335624
1905,0.8314377742533571
1906,0.8309278148658077
1907,0.8304171645854088
1908,0.829905828345135
1909,0.8293938110959619
1910,0.8288811178063824
1911,0.8283677534619194
1912,0.8278537230646359
1913,0.8273390316326404
1914,0.8268236841995892
1915,0.8263076858141871
1916,0.825791041539683
1917,0.8252737564533622
1918,0.8247558356460384
1919,0.8242372842215386
1920,0.8237181072961897
1921,0.8231983099982987
1922,0.8226778974676308
1923,0.8221568748548864
1924,0.8216352473211751
1925,0.8211130200374858
1926,0.820590198184155
1927,0.8200667869503352
1928,0.8195427915334559
1929,0.8190182171386876
1930,0.8184930689784008
1931,0.8179673522716246
1932,0.8174410722435002
1933,0.8169142341247376
1934,0.8163868431510668
1935,0.8158589045626872
1936,0.8153304236037178
1937,0.8148014055216436
1938,0.8142718555667633
1939,0.8137417789916307
1940,0.8132111810505005
1941,0.8126800669987702
1942,0.812148442092419
1943,0.8116163115874502
1944,0.8110836807393272
1945,0.810550554802415
1946,0.8100169390294142
1947,0.8094828386707986
1948,0.8089482589742526
1949,0.8084132051841028
1950,0.8078776825407565
1951,0.8073416962801331
1952,0.8068052516331004
1953,0.8062683538249068
1954,0.8057310080746148
1955,0.8051932195945364
1956,0.8046549935896626
1957,0.8041163352571019
1958,0.8035772497855098
1959,0.8030377423545234
1960,0.802497818134198
1961,0.8019574822844371
1962,0.8014167399544317
1963,0.8008755962820924
1964,0.8003340563934865
1965,0.7997921254022742
1966,0.799249808409146
1967,0.7987071105012612
1968,0.7981640367516843
1969,0.7976205922188282
1970,0.7970767819458918
1971,0.796532610960304
1972,0.7959880842731641
1973,0.7954432068786883
1974,0.794897983753653
1975,0.7943524198568435
1976,0.7938065201284977
1977,0.7932602894897611
1978,0.792713732842133
1979,0.7921668550669196
1980,0.7916196610246907
1981,0.7910721555547321
1982,0.7905243434745037
1983,0.7899762295790999
1984,0.7894278186407079
1985,0.7888791154080733
1986,0.7883301246059629
1987,0.787780850934631
1988,0.7872312990692901
1989,0.7866814736595804
1990,0.7861313793290412
1991,0.7855810206745886
1992,0.7850304022659909
1993,0.7844795286453495
1994,0.7839284043265785
1995,0.783377033794891
1996,0.7828254215062859
1997,0.7822735718870338
1998,0.7817214893331718
1999,0.7811691782099953
2000,0.7806166428515563
2001,0.78006388756016
2002,0.7795109166058687
2003,0.7789577342260048
2004,0.7784043446246582
2005,0.7778507519721962
2006,0.7772969604047747
2007,0.7767429740238556
2008,0.776188796895722
2009,0.7756344330510007
2010,0.7750798864841851
2011,0.7745251611531635
2012,0.7739702609787444
2013,0.7734151898441928
2014,0.772859951594762
2015,0.7723045500372353
2016,0.7717489889394634
2017,0.7711932720299111
2018,0.7706374029972017
2019,0.7700813854896705
2020,0.7695252231149137
2021,0.7689689194393472
2022,0.7684124779877642
2023,0.7678559022428999
2024,0.7672991956449923
2025,0.7667423615913534
2026,0.7661854034359394
2027,0.7656283244889253
2028,0.7650711280162822
2029,0.7645138172393581
2030,0.763956395334459
2031,0.7633988654324388
2032,0.762841230618287
2033,0.762283493930721
2034,0.761725658361782
2035,0.7611677268564354
2036,0.7606097023121694
2037,0.7600515875786029
2038,0.7594933854570902
2039,0.7589350987003349
2040,0.7583767300120015
2041,0.7578182820463331
2042,0.7572597574077694
2043,0.7567011586505727
2044,0.75614248827845
2045,0.7555837487441843
2046,0.7550249424492645
2047,0.7544660717435193
2048,0.7539071389247562
2049,0.7533481462383995
2050,0.7527890958771343
2051,0.752229989980552
2052,0.7516708306347988
2053,0.7511116198722261
2054,0.7505523596710455
2055,0.7499930519549843
2056,0.7494336985929456
2057,0.7488743013986694
2058,0.7483148621303979
2059,0.7477553824905415
2060,0.7471958641253507
2061,0.7466363086245849
2062,0.7460767175211891
2063,0.7455170922909714
2064,0.7449574343522813
2065,0.7443977450656922
2066,0.7438380257336848
2067,0.7432782776003344
2068,0.7427185018510003
2069,0.742158699612016
2070,0.741598871950381
2071,0.74103901987346
2072,0.740479144328676
2073,0.7399192462032141
2074,0.7393593263237195
2075,0.7387993854560029
2076,0.7382394243047465
2077,0.7376794435132096
2078,0.7371194436629409
2079,0.7365594252734862
2080,0.735999388802104
2081,0.7354393346434791
2082,0.7348792631294384
2083,0.734319174528671
2084,0.7337590690464448
2085,0.7331989468243302
2086,0.7326388079399218
2087,0.7320786524065618
2088,0.7315184801730676
2089,0.7309582911234555
2090,0.7303980850766725
2091,0.7298378617863227
2092,0.7292776209403997
2093,0.7287173621610179
2094,0.7281570850041458
2095,0.7275967889593393
2096,0.7270364734494784
2097,0.7264761378305008
2098,0.7259157813911405
2099,0.7253554033526662
2100,0.7247950028686175
2101,0.7242345790245474
2102,0.7236741308377594
2103,0.7231136572570515
2104,0.7225531571624555
2105,0.7219926293649785
2106,0.7214320726063486
2107,0.7208714855587537
2108,0.7203108668245898
2109,0.7197502149361995
2110,0.7191895283556223
2111,0.7186288054743328
2112,0.7180680446129912
2113,0.717507244021184
2114,0.7169464018771713
2115,0.716385516287632
2116,0.7158245852874074
2117,0.7152636068392499
2118,0.7147025788335635
2119,0.7141414990881539
2120,0.7135803653479693
2121,0.7130191752848496
2122,0.7124579264972672
2123,0.7118966165100742
2124,0.7113352427742453
2125,0.7107738026666225
2126,0.7102122934896578
2127,0.7096507124711572
2128,0.7090890567640232
2129,0.7085273234459966
2130,0.7079655095193994
2131,0.7074036119108741
2132,0.7068416274711271
2133,0.7062795529746666
2134,0.705717385119542
2135,0.7051551205270855
2136,0.7045927557416469
2137,0.7040302872303321
2138,0.7034677113827416
2139,0.7029050245107034
2140,0.7023422228480107
2141,0.7017793025501555
2142,0.7012162596940614
2143,0.7006530902778179
2144,0.70008979022041
2145,0.6995263553614531
2146,0.6989627814609196
2147,0.6983990641988691
2148,0.6978351991751781
2149,0.6972711819092667
2150,0.6967070078398262
2151,0.6961426723245426
2152,0.6955781706398256
2153,0.6950134979805285
2154,0.6944486494596743
2155,0.6938836201081771
2156,0.6933184048745626
2157,0.6927529986246925
2158,0.6921873961414796
2159,0.6916215921246109
2160,0.6910555811902633
2161,0.6904893578708233
2162,0.6899229166146035
2163,0.6893562517855579
2164,0.6887893576629989
2165,0.6882222284413112
2166,0.6876548582296689
2167,0.6870872410517462
2168,0.6865193708454338
2169,0.6859512414625517
2170,0.6853828466685611
2171,0.6848141801422781
2172,0.6842452354755864
2173,0.6836760061731502
2174,0.6831064856521242
2175,0.6825366672418699
2176,0.6819665441836654
2177,0.6813961096304195
2178,0.6808253566463842
2179,0.6802542782068699
2180,0.6796828671979578
2181,0.6791111164162151
2182,0.6785390185684127
2183,0.6779665662712373
2184,0.6773937520510143
2185,0.6768205683434223
2186,0.6762470074932152
2187,0.675673061753943
2188,0.6750987232876745
2189,0.6745239841647226
2190,0.6739488363633706
2191,0.6733732717696016
2192,0.6727972821768271
2193,0.6722208592856256
2194,0.6716439947034722
2195,0.6710666799444828
2196,0.6704889064291533
2197,0.6699106654841055
2198,0.6693319483418365
2199,0.6687527461404696
2200,0.6681730499235125
2201,0.6675928506396158
2202,0.6670121391423415
2203,0.6664309061899265
2204,0.6658491424450648
2205,0.6652668384746818
2206,0.6646839847497221
2207,0.6641005716449396
2208,0.663516589438697
2209,0.6629320283127665
2210,0.662346878352144
2211,0.6617611295448629
2212,0.6611747717818226
2213,0.6605877948566204
2214,0.66000018846539
2215,0.659411942206655
2216,0.6588230455811854
2217,0.6582334879918657
2218,0.6576432587435707
2219,0.6570523470430557
2220,0.6564607419988531
2221,0.6558684326211809
2222,0.6552754078218628
2223,0.6546816564142625
2224,0.6540871671132257
2225,0.6534919285350383
2226,0.6528959291973964
2227,0.6522991575193906
2228,0.6517016018215052
2229,0.651103250325629
2230,0.6505040911550868
2231,0.649904112334681
2232,0.6493033017907537
2233,0.6487016473512628
2234,0.6480991367458777
2235,0.647495757606094
2236,0.6468914974653617
2237,0.6462863437592384
2238,0.6456802838255603
2239,0.6450733049046325
2240,0.6444653941394425
2241,0.6438565385758919
2242,0.6432467251630566
2243,0.6426359407534645
2244,0.6420241721033995
2245,0.6414114058732285
2246,0.6407976286277566
2247,0.6401828268366041
2248,0.6395669868746126
2249,0.638950095022279
2250,0.6383321374662149
2251,0.6377131002996379
2252,0.6370929695228884
2253,0.6364717310439825
2254,0.6358493706791893
2255,0.6352258741536455
2256,0.6346012271019992
2257,0.6339754150690902
2258,0.6333484235106597
2259,0.6327202377941012
2260,0.6320908431992416
2261,0.631460224919163
2262,0.6308283680610594
2263,0.6301952576471326
2264,0.6295608786155277
2265,0.6289252158213074
2266,0.6282882540374698
2267,0.627649977956002
2268,0.6270103721889836
2269,0.6263694212697274
2270,0.6257271096539684
2271,0.6250834217210949
2272,0.6244383417754257
2273,0.6237918540475369
2274,0.6231439426956323
2275,0.6224945918069654
2276,0.6218437853993068
2277,0.6211915074224653
2278,0.6205377417598579
2279,0.6198824722301317
2280,0.6192256825888367
2281,0.6185673565301563
2282,0.6179074776886846
2283,0.6172460296412652
2284,0.6165829959088812
2285,0.615918359958604
2286,0.6152521052055971
2287,0.6145842150151769
2288,0.6139146727049367
2289,0.6132434615469211
2290,0.6125705647698716
2291,0.6118959655615196
2292,0.6112196470709509
2293,0.6105415924110257
2294,0.6098617846608638
2295,0.6091802068683905
2296,0.6084968420529457
2297,0.6078116732079591
2298,0.6071246833036849
2299,0.6064358552900065
2300,0.6057451720993021
2301,0.6050526166493769
2302,0.6043581718464611
2303,0.6036618205882737
2304,0.6029635457671528
2305,0.6022633302732505
2306,0.601561156997797
2307,0.600857008836431
2308,0.6001508686925939
2309,0.5994427194809947
2310,0.598732544131139
2311,0.5980203255909271
2312,0.5973060468303162
2313,0.5965896908450529
2314,0.5958712406604663
2315,0.5951506793353343
2316,0.5944279899658098
2317,0.5937031556894161
2318,0.5929761596891054
2319,0.5922469851973823
2320,0.5915156155004926
2321,0.5907820339426746
2322,0.5900462239304723
2323,0.5893081689371127
2324,0.5885678525069442
2325,0.5878252582599345
2326,0.5870803698962272
2327,0.5863331712007619
2328,0.5855836460479462
2329,0.5848317784063879
2330,0.5840775523436821
2331,0.5833209520312501
2332,0.5825619617492368
2333,0.5818005658914525
2334,0.5810367489703722
2335,0.5802704956221767
2336,0.5795017906118465
2337,0.5787306188382977
2338,0.5779569653395629
2339,0.5771808152980156
2340,0.5764021540456313
2341,0.5756209670692907
2342,0.5748372400161156
2343,0.5740509586988437
2344,0.5732621091012304
2345,0.5724706773834861
2346,0.5716766498877343
2347,0.570880013143504
2348,0.5700807538732388
2349,0.5692788589978272
2350,0.568474315642155
2351,0.5676671111406709
2352,0.5668572330429643
2353,0.5660446691193555
2354,0.5652294073664932
2355,0.5644114360129583
2356,0.5635907435248657
2357,0.5627673186114713
2358,0.5619411502307712
2359,0.5611122275950968
2360,0.5602805401766995
2361,0.5594460777133231
2362,0.5586088302137607
2363,0.5577687879633932
2364,0.5569259415297073
2365,0.5560802817677855
2366,0.5552317998257705
2367,0.5543804871502997
2368,0.553526335491901
2369,0.5526693369103537
2370,0.5518094837800103
2371,0.5509467687950684
2372,0.5500811849748006
2373,0.549212725668731
2374,0.5483413845617592
2375,0.5474671556792232
2376,0.5465900333919068
2377,0.5457100124209799
2378,0.5448270878428714
2379,0.543941255094074
2380,0.5430525099758736
2381,0.5421608486590012
2382,0.5412662676882074
2383,0.540368763986751
2384,0.5394683348608043
2385,0.5385649780037639
2386,0.5376586915004762
2387,0.5367494738313612
2388,0.5358373238764413
2389,0.5349222409192687
2390,0.5340042246507462
2391,0.5330832751728447
2392,0.5321593930022082
2393,0.5312325790736472
2394,0.5303028347435192
2395,0.5293701617929861
2396,0.528434562431159
2397,0.5274960392981164
2398,0.5265545954677954
2399,0.5256102344507622
2400,0.5246629601968469
2401,0.5237127770976524
2402,0.5227596899889254
2403,0.5218037041527972
2404,0.5208448253198801
2405,0.5198830596712339
2406,0.5189184138401851
2407,0.5179508949140061
2408,0.5169805104354532
2409,0.5160072684041545
2410,0.5150311772778583
2411,0.5140522459735267
2412,0.5130704838682876
2413,0.5120859008002325
2414,0.5110985070690663
2415,0.5101083134366057
2416,0.5091153311271234
2417,0.5081195718275433
2418,0.5071210476874819
2419,0.5061197713191343
2420,0.5051157557970083
2421,0.5041090146575053
2422,0.5030995618983457
2423,0.5020874119778418
2424,0.5010725798140153
2425,0.5000550807835643
2426,0.49903493072067323
2427,0.4980121459156719
2428,0.4969867431135436
2429,0.49595873951227804
2430,0.49492815276107527
2431,0.4938950009584012
2432,0.4928593026498885
2433,0.4918210768260928
2434,0.4907803429201022
2435,0.48973712080499543
2436,0.4886914307911614
2437,0.48764329362346903
2438,0.4865927304782974
2439,0.48553976296042634
2440,0.48448441309978113
2441,0.4834267033480475
2442,0.4823666565751441
2443,0.48130429606556036
2444,0.48023964551456816
2445,0.47917272902429153
2446,0.4781035710996573
2447,0.47703219664421337
2448,0.4759586309558207
2449,0.4748828997222271
2450,0.47380502901651605
2451,0.4727250452924359
2452,0.4716429753796177
2453,0.47055884647867263
2454,0.4694726861561808
2455,0.4683845223395718
2456,0.46729438331189227
2457,0.4662022977064756
2458,0.46510829450150454
2459,0.4640124030144758
2460,0.4629146528965665
2461,0.46181507412690687
2462,0.46071369700676107
2463,0.4596105521536157
2464,0.4585056704951858
2465,0.45739908326333256
2466,0.45629082198790166
2467,0.4551809184904819
2468,0.4540694048780892
2469,0.45295631353677485
2470,0.4518416771251639
2471,0.4507255285679272
2472,0.4496079010491861
2473,0.448488828005856
2474,0.4473683431209293
2475,0.4462464803167032
2476,0.4451232737479507
2477,0.4439987577950446
2478,0.44287296705702706
2479,0.4417459363446393
2480,0.44061770067330464
2481,0.43948829525607236
2482,0.43835775549652567
2483,0.43722611698165303
2484,0.4360934154746877
2485,0.43495968690792025
2486,0.433824967375483
2487,0.43268929312611076
2488,0.43155270055588274
2489,0.4304152262009437
2490,0.42927690673021074
2491,0.42813777893806887
2492,0.42699787973705383
2493,0.42585724615053067
2494,0.4247159153053634
2495,0.42357392442458763
2496,0.4224313108200794
2497,0.42128811188522997
2498,0.42014436508762415
2499,0.4190001079617299
2500,0.4178553781015947
2501,0.41671021315355933
2502,0.4155646508089844
2503,0.41441872879699715
2504,0.41327248487725704
2505,0.4121259568327481
2506,0.41097918246259224
2507,0.40983219957489314
2508,0.40868504597961225
2509,0.40753775948147286
2510,0.4063903778729025
2511,0.4052429389270117
2512,0.4040954803906126
2513,0.402948039977277
2514,0.4018006553604426
2515,0.40065336416656044
2516,0.3995062039682937
2517,0.3983592122777646
2518,0.39721242653985567
2519,0.3960658841255621
2520,0.39491962232540545
2521,0.3937736783428998
2522,0.3926280892880796
2523,0.39148289217109444
2524,0.3903381238958584
2525,0.3891938212537738
2526,0.3880500209175169
2527,0.3869067594348947
2528,0.3857640732227714
2529,0.38462199856106843
2530,0.3834805715868377
2531,0.3823398282884099
2532,0.3811998044996213
2533,0.38006053589411715
2534,0.3789220579797364
2535,0.37778440609297764
2536,0.37664761539354574
2537,0.3755117208589863
2538,0.374376757279401
2539,0.37324275925225137
2540,0.37210976117725164
2541,0.37097779725134616
2542,0.3698469014637805
2543,0.36871710759126175
2544,0.3675884491932096
2545,0.3664609596071012
2546,0.3653346719439097
2547,0.36420961908363564
2548,0.36308583367093566
2549,0.36196334811084485
2550,0.36084219456459576
2551,0.35972240494553864
2552,0.3586040109151512
2553,0.35748704387915586
2554,0.356371534983729
2555,0.35525751511181314
2556,0.35414501487952543
2557,0.3530340646326709
2558,0.3519246944433501
2559,0.35081693410667253
2560,0.3497108131375663
2561,0.34860636076769247
2562,0.3475036059424574
2563,0.34640257731812774
2564,0.3453033032590441
2565,0.34420581183494064
2566,0.3431101308183593
2567,0.3420162876821689
2568,0.34092430959718395
2569,0.3398342234298834
2570,0.338746055740229
2571,0.33765983277958433
2572,0.33657558048873354
2573,0.33549332449599817
2574,0.3344130901154528
2575,0.3333349023452391
2576,0.33225878586597873
2577,0.3311847650392808
2578,0.3301128639063471
2579,0.32904310618667354
2580,0.32797551527684865
2581,0.32691011424944033
2582,0.3258469258519843
2583,0.32478597250606006
2584,0.3237272763064617
2585,0.3226708590204582
2586,0.3216167420871469
2587,0.3205649466168935
2588,0.31951549339086255
2589,0.3184684028606368
2590,0.3174236951479208
2591,0.31638139004432997
2592,0.31534150701126934
2593,0.31430406517988924
2594,0.31326908335112735
2595,0.3122365799958333
2596,0.3112065732549695
2597,0.3101790809398946
2598,0.30915412053272456
2599,0.308131709186768
2600,0.3071118637270404
2601,0.3060946006508506
2602,0.3050799361284611
2603,0.3040678860038205
2604,0.30305846579536566
2605,0.30205169069689447
2606,0.3010475755785048
2607,0.30004613498760213
2608,0.29904738314997176
2609,0.29805133397091443
2610,0.29705800103644464
2611,0.296067397614553
2612,0.29507953665652475
2613,0.29409443079831976
2614,0.29311209236200775
2615,0.29213253335726186
2616,0.29115576548290484
2617,0.2901818001285089
2618,0.2892106483760488
2619,0.28824232100160335
2620,0.28727682847710645
2621,0.286314180972148
2622,0.28535438835581894
2623,0.28439746019860096
2624,0.28344340577430216
2625,0.2824922340620336
2626,0.2815439537482267
2627,0.2805985732286906
2628,0.27965610061070767
2629,0.27871654371516696
2630,0.277779910078731
2631,0.2768462069560392
2632,0.2759154413219437
2633,0.2749876198737762
2634,0.27406274903364575
2635,0.2731408349507666
2636,0.27222188350381077
2637,0.2713059003032932
2638,0.2703928906939757
2639,0.26948285975729885
2640,0.26857581231383754
2641,0.2676717529257757
2642,0.2667706858994032
2643,0.26587261528763234
2644,0.2649775448925319
2645,0.26408547826787904
2646,0.26319641872172606
2647,0.2623103693189843
2648,0.26142733288401965
2649,0.26054731200326114
2650,0.2596703090278235
2651,0.2587963260761375
2652,0.2579253650365903
2653,0.25705742757017724
2654,0.256192515113158
2655,0.2553306288797206
2656,0.25447176986465136
2657,0.2536159388460102
2658,0.2527631363878074
2659,0.2519133628426867
2660,0.25106661835460764
2661,0.2502229028615308
2662,0.24938221609810157
2663,0.24854455759833666
2664,0.24770992669830533
2665,0.2468783225388112
2666,0.2460497440680704
2667,0.24522419004438667
2668,0.24440165903882058
2669,0.2435821494378554
2670,0.24276565944605666
2671,0.2419521870887241
2672,0.24114173021453783
2673,0.2403342864981973
2674,0.23952985344304883
2675,0.23872842838370764
2676,0.23793000848866835
2677,0.23713459076290522
2678,0.23634217205046174
2679,0.23555274903703075
2680,0.23476631825251953
2681,0.2339828760736045
2682,0.23320241872627245
2683,0.23242494228835014
2684,0.23165044269201668
2685,0.2308789157263042
2686,0.23011035703958377
2687,0.22934476214203578
2688,0.2285821264081039
2689,0.22782244507893468
2690,0.2270657132648004
2691,0.22631192594750418
2692,0.2255610779827711
2693,0.2248131641026179
2694,0.22406817891770842
2695,0.22332611691969026
2696,0.22258697248351367
2697,0.22185073986972967
2698,0.22111741322677306
2699,0.22038698659322384
2700,0.21965945390005087
2701,0.21893480897283546
2702,0.21821304553397644
2703,0.21749415720487303
2704,0.21677813750809133
2705,0.2160649798695083
2706,0.21535467762043545
2707,0.21464722399972258
2708,0.21394261215584254
2709,0.213240835148953
2710,0.21254188595293722
2711,0.21184575745742756
2712,0.2111524424698032
2713,0.2104619337171712
2714,0.20977422384832278
2715,0.2090893054356707
2716,0.20840717097716502
2717,0.20772781289818687
2718,0.20705122355342148
2719,0.20637739522870974
2720,0.20570632014287854
2721,0.20503799044954887
2722,0.2043723982389244
2723,0.20370953553955629
2724,0.20304939432008878
2725,0.20239196649098198
2726,0.20173724390621398
2727,0.2010852183649613
2728,0.20043588161325956
2729,0.1997892253456396
2730,0.1991452412067461
2731,0.1985039207929336
2732,0.19786525565384025
2733,0.197229237293943
2734,0.1965958571740901
2735,0.19596510671301304
2736,0.19533697728881877
2737,0.19471146024046038
2738,0.19408854686918675
2739,0.19346822843997383
2740,0.19285049618293237
2741,0.19223534129469827
2742,0.1916227549398022
2743,0.19101272825201768
2744,0.19040525233569028
2745,0.1898003182670488
2746,0.1891979170954918
2747,0.18859803984486195
2748,0.1880006775146933
2749,0.187405821081445
2750,0.18681346149971312
2751,0.18622358970342404
2752,0.1856361966070096
2753,0.18505127310656264
2754,0.18446881008097415
2755,0.18388879839305355
2756,0.1833112288906277
2757,0.18273609240762456
2758,0.1821633797651387
2759,0.1815930817724759
2760,0.18102518922818533
2761,0.1804596929210691
2762,0.17989658363117783
2763,0.17933585213078745
2764,0.17877748918536093
2765,0.17822148555449002
2766,0.17766783199282304
2767,0.17711651925097632
2768,0.17656753807642586
2769,0.17602087921438758
2770,0.1754765334086778
2771,0.17493449140256057
2772,0.17439474393957644
2773,0.17385728176435977
2774,0.17332209562343565
2775,0.17278917626600748
2776,0.17225851444472307
2777,0.17173010091643243
2778,0.17120392644292576
2779,0.1706799817916608
2780,0.1701582577364723
2781,0.1696387450582706
2782,0.16912143454572381
2783,0.16860631699592854
2784,0.16809338321506415
2785,0.16758262401903623
2786,0.1670740302341051
2787,0.16656759269750143
2788,0.16606330225803034
2789,0.16556114977666003
2790,0.16506112612710014
2791,0.16456322219636682
2792,0.1640674288853351
2793,0.16357373710927992
2794,0.1630821377984043
2795,0.16259262189835605
2796,0.16210518037073365
2797,0.16161980419357852
2798,0.16113648436185946
2799,0.16065521188794088
2800,0.16017597780204537
2801,0.15969877315270156
2802,0.15922358900718264
2803,0.15875041645193505
2804,0.1582792465929946
2805,0.1578100705563951
2806,0.15734287948856426
2807,0.15687766455671182
2808,0.1564144169492058
2809,0.1559531278759407
2810,0.1554937885686956
2811,0.15503639028148256
2812,0.15458092429088666
2813,0.15412738189639472
2814,0.15367575442071868
2815,0.15322603321010728
2816,0.1527782096346491
2817,0.152332275088569
2818,0.15188822099051463
2819,0.1514460387838347
2820,0.15100571993684928
2821,0.15056725594311282
2822,0.15013063832166865
2823,0.14969585861729395
2824,0.14926290840074172
2825,0.14883177926896995
2826,0.14840246284536665
2827,0.14797495077996708
2828,0.1475492347496628
2829,0.1471253064584045
2830,0.14670315763739852
2831,0.1462827800452947
2832,0.14586416546836997
2833,0.1454473057207027
2834,0.14503219264434344
2835,0.14461881810947658
2836,0.14420717401457847
2837,0.14379725228656626
2838,0.14338904488094426
2839,0.14298254378194186
2840,0.14257774100264634
2841,0.14217462858512997
2842,0.14177319860057225
2843,0.14137344314937556
2844,0.14097535436127553
2845,0.14057892439544795
2846,0.14018414544060714
2847,0.13979100971510197
2848,0.1393995094670065
2849,0.1390096369742041
2850,0.13862138454446918
2851,0.13823474451554127
2852,0.1378497092551975
2853,0.13746627116131854
2854,0.1370844226619504
2855,0.13670415621536253
2856,0.13632546431010123
2857,0.13594833946503765
2858,0.13557277422941494
2859,0.13519876118288737
2860,0.1348262929355585
2861,0.13445536212801393
2862,0.1340859614313505
2863,0.13371808354720213
2864,0.13335172120776195
2865,0.13298686717580066
2866,0.13262351424468125
2867,0.1322616552383708
2868,0.131901283011448
2869,0.1315423904491087
2870,0.13118497046716748
2871,0.13082901601205538
2872,0.1304745200608163
2873,0.13012147562109877
2874,0.12976987573114557
2875,0.12941971345978
2876,0.1290709819063901
2877,0.12872367420090963
2878,0.12837778350379547
2879,0.12803330300600443
2880,0.12769022592896562
2881,0.12734854552455105
2882,0.12700825507504387
2883,0.1266693478931039
2884,0.12633181732173168
2885,0.12599565673422752
2886,0.12566085953415276
2887,0.1253274191552849
2888,0.12499532906157208
2889,0.12466458274708653
2890,0.12433517373597347
2891,0.12400709558240083
2892,0.12368034187050453
2893,0.12335490621433376
2894,0.12303078225779329
2895,0.12270796367458511
2896,0.12238644416814662
2897,0.12206621747158874
2898,0.12174727734763166
2899,0.12142961758853832
2900,0.12111323201604854
2901,0.12079811448130859
2902,0.12048425886480149
2903,0.12017165907627501
2904,0.11986030905466913
2905,0.11955020276804007
2906,0.11924133421348537
2907,0.11893369741706647
2908,0.11862728643372998
2909,0.1183220953472279
2910,0.11801811827003722
2911,0.11771534934327732
2912,0.11741378273662721
2913,0.11711341264824102
2914,0.11681423330466276
2915,0.11651623896074015
2916,0.1162194238995369
2917,0.11592378243224545
2918,0.11562930889809658
2919,0.11533599766427005
2920,0.11504384312580387
2921,0.1147528397055021
2922,0.11446298185384239
2923,0.11417426404888267
2924,0.11388668079616746
2925,0.11360022662863263
2926,0.11331489610650997
2927,0.1130306838172315
2928,0.11274758437533175
2929,0.11246559242235138
2930,0.11218470262673874
2931,0.111904909683751
2932,0.11162620831535588
2933,0.11134859327013083
2934,0.11107205932316411
2935,0.11079660127595317
2936,0.11052221395630449
2937,0.11024889221823125
2938,0.10997663094185225
2939,0.10970542503328881
2940,0.10943526942456272
2941,0.10916615907349261
2942,0.10889808896359168
2943,0.10863105410396225
2944,0.10836504952919383
2945,0.10810007029925749
2946,0.1078361114994017
2947,0.10757316824004799
2948,0.10731123565668517
2949,0.10705030890976502
2950,0.10679038318459641
2951,0.1065314536912398
2952,0.10627351566440185
2953,0.10601656436332926
2954,0.10576059507170263
2955,0.10550560309753092
2956,0.10525158377304453
2957,0.1049985324545899
2958,0.10474644452252241
2959,0.10449531538110018
2960,0.10424514045837781
2961,0.10399591520609945
2962,0.10374763509959277
2963,0.10350029563766226
2964,0.10325389234248236
2965,0.10300842075949129
2966,0.10276387645728474
2967,0.10252025502750879
2968,0.10227755208475445
2969,0.10203576326644989
2970,0.10179488423275566
2971,0.10155491066645775
2972,0.10131583827286142
2973,0.10107766277968544
2974,0.10084037993695599
2975,0.10060398551690106
2976,0.10036847531384457
2977,0.10013384514410101
2978,0.09990009084587015
2979,0.09966720827913131
2980,0.0994351933255389
2981,0.09920404188831715
2982,0.0989737498921554
2983,0.09874431328310408
2984,0.09851572802846903
2985,0.09828799011670908
2986,0.09806109555733067
2987,0.09783504038078485
2988,0.09760982063836364
2989,0.09738543240209624
2990,0.09716187176464683
2991,0.0969391348392108
2992,0.09671721775941325
2993,0.09649611667920532
2994,0.0962758277727629
2995,0.0960563472343853
2996,0.09583767127839196
2997,0.09561979613902337
2998,0.09540271807033814
2999,0.0951864333461133
3000,0.09497093825974334
3001,0.09475622912414047
3002,0.09454230227163467
3003,0.09432915405387347
3004,0.09411678084172348
3005,0.09390517902517079
3006,0.09369434501322278
3007,0.09348427523380973
3008,0.09327496613368605
3009,0.09306641417833358
3010,0.0928586158518635
3011,0.09265156765691929
3012,0.09244526611458054
3013,0.09223970776426602
3014,0.09203488916363764
3015,0.09183080688850462
3016,0.09162745753272862
3017,0.09142483770812827
3018,0.09122294404438426
3019,0.09102177318894551
3020,0.0908213218069348
3021,0.09062158658105522
3022,0.0904225642114967
3023,0.09022425141584363
3024,0.09002664492898137
3025,0.0898297415030048
3026,0.08963353790712582
3027,0.08943803092758254
3028,0.089243217367548
3029,0.08904909404703876
3030,0.08885565780282481
3031,0.08866290548834034
3032,0.08847083397359282
3033,0.08827944014507487
3034,0.08808872090567423
3035,0.08789867317458604
3036,0.08770929388722466
3037,0.08752057999513524
3038,0.08733252846590733
3039,0.08714513628308673
3040,0.08695840044608977
3041,0.08677231797011625
3042,0.08658688588606445
3043,0.08640210124044477
3044,0.0862179610952955
3045,0.08603446252809666
3046,0.08585160263168767
3047,0.08566937851418135
3048,0.0854877872988818
3049,0.08530682612420024
3050,0.08512649214357304
3051,0.08494678252537838
3052,0.08476769445285515
3053,0.08458922512402003
3054,0.0844113717515876
3055,0.08423413156288856
3056,0.08405750179978948
3057,0.0838814797186124
3058,0.08370606259005572
3059,0.08353124769911403
3060,0.08335703234499955
3061,0.08318341384106379
3062,0.08301038951471873
3063,0.08283795670735931
3064,0.08266611277428591
3065,0.0824948550846277
3066,0.08232418102126499
3067,0.08215408798075385
3068,0.0819845733732496
3069,0.08181563462243185
3070,0.08164726916542832
3071,0.08147947445274119
3072,0.08131224794817203
3073,0.08114558712874775
3074,0.08097948948464703
3075,0.0808139525191275
3076,0.08064897374845176
3077,0.08048455070181587
3078,0.08032068092127664
3079,0.08015736196168008
3080,0.07999459139058973
3081,0.07983236678821577
3082,0.07967068574734437
3083,0.07950954587326717
3084,0.07934894478371152
3085,0.07918888010877065
3086,0.07902934949083494
3087,0.07887035058452264
3088,0.07871188105661134
3089,0.07855393858597026
3090,0.07839652086349197
3091,0.07823962559202527
3092,0.07808325048630833
3093,0.07792739327290137
3094,0.07777205169012108
3095,0.07761722348797415
3096,0.07746290642809195
3097,0.07730909828366485
3098,0.07715579683937747
3099,0.07700299989134475
3100,0.0768507052470466
3101,0.07669891072526519
3102,0.07654761415602017
3103,0.07639681338050659
3104,0.076246506251032
3105,0.076096690630953
3106,0.07594736439461396
3107,0.07579852542728548
3108,0.07565017162510158
3109,0.07550230089500032
3110,0.07535491115466161
3111,0.0752080003324473
3112,0.07506156636734157
3113,0.07491560720888996
3114,0.0747701208171412
3115,0.07462510516258722
3116,0.07448055822610461
3117,0.07433647799889637
3118,0.07419286248243373
3119,0.07404970968839786
3120,0.073907017638623
3121,0.07376478436503892
3122,0.07362300790961447
3123,0.07348168632430037
3124,0.07334081767097388
3125,0.07320040002138221
3126,0.07306043145708743
3127,0.07292091006941093
3128,0.07278183395937833
3129,0.0726432012376654
3130,0.07250501002454333
3131,0.07236725844982468
3132,0.07222994465280981
3133,0.07209306678223369
3134,0.07195662299621251
3135,0.07182061146219082
3136,0.0716850303568893
3137,0.07154987786625243
3138,0.0714151521853966
3139,0.0712808515185589
3140,0.07114697407904468
3141,0.07101351808917825
3142,0.07088048178025066
3143,0.07074786339247015
3144,0.07061566117491155
3145,0.07048387338546681
3146,0.07035249829079518
3147,0.07022153416627416
3148,0.07009097929595007
3149,0.0699608319724903
3150,0.06983109049713367
3151,0.069701753179643
3152,0.06957281833825757
3153,0.06944428429964468
3154,0.06931614939885294
3155,0.06918841197926495
3156,0.06906107039255108
3157,0.068934122998622
3158,0.0688075681655834
3159,0.06868140426968986
3160,0.06855562969529852
3161,0.06843024283482438
3162,0.06830524208869504
3163,0.06818062586530563
3164,0.06805639258097412
3165,0.06793254065989719
3166,0.06780906853410609
3167,0.06768597464342266
3168,0.06756325743541584
3169,0.06744091536535832
3170,0.0673189468961834
3171,0.06719735049844233
3172,0.06707612465026164
3173,0.06695526783730064
3174,0.06683477855270949
3175,0.06671465529708762
3176,0.06659489657844178
3177,0.06647550091214462
3178,0.06635646682089438
3179,0.06623779283467277
3180,0.06611947749070532
3181,0.06600151933342083
3182,0.06588391691441112
3183,0.06576666879239089
3184,0.0656497735331585
3185,0.06553322970955629
3186,0.0654170359014313
3187,0.06530119069559671
3188,0.06518569268579243
3189,0.06507054047264725
3190,0.06495573266364002
3191,0.06484126787306219
3192,0.06472714472197927
3193,0.06461336183819373
3194,0.06449991785620748
3195,0.06438681141718475
3196,0.06427404116891482
3197,0.06416160576577573
3198,0.06404950386869775
3199,0.06393773414512631
3200,0.06382629526898737
3201,0.06371518592065001
3202,0.06360440478689164
3203,0.06349395056086275
3204,0.06338382194205068
3205,0.06327401763624574
3206,0.06316453635550577
3207,0.06305537681812132
3208,0.062946537748582
3209,0.06283801787754134
3210,0.06272981594178387
3211,0.06262193068419017
3212,0.06251436085370417
3213,0.06240710520529915
3214,0.06230016249994502
3215,0.06219353150457491
3216,0.062087210992052624
3217,0.06198119974113987
3218,0.06187549653646394
3219,0.06177010016848557
3220,0.06166500943346666
3221,0.06156022313343831
3222,0.06145574007616978
3223,0.061351559075136286
3224,0.06124767894948817
3225,0.06114409852401981
3226,0.06104081662913842
3227,0.060937832100833395
3228,0.06083514378064615
3229,0.06073275051563892
3230,0.06063065115836557
3231,0.060528844566840836
3232,0.06042732960451076
3233,0.060326105140223074
3234,0.06022517004819765
3235,0.06012452320799728
3236,0.060024163504498476
3237,0.059924089827862216
3238,0.059824301073505906
3239,0.0597247961420739
3240,0.05962557393940972
3241,0.0595266333765274
3242,0.05942797336958351
3243,0.05932959283984933
3244,0.059231490713682555
3245,0.05913366592250043
3246,0.05903611740275172
3247,0.058938844095889786
3248,0.05884184494834511
3249,0.0587451189114986
3250,0.058648664941654646
3251,0.058552482000014824
3252,0.05845656905265041
3253,0.058360925070477396
3254,0.058265549029229285
3255,0.05817043990943181
3256,0.0580755966963761
3257,0.05798101838009423
3258,0.05788670395533228
3259,0.05779265242152623
3260,0.057698862782775584
3261,0.05760533404781913
3262,0.057512065230009304
3263,0.05741905534728785
3264,0.05732630342216111
3265,0.057233808481674836
3266,0.0571415695573908
3267,0.057049585685361906
3268,0.056957855906108246
3269,0.056866379264593286
3270,0.05677515481019958
3271,0.05668418159670603
3272,0.056593458682263245
3273,0.05650298512937092
3274,0.05641276000485425
3275,0.05632278237984112
3276,0.056233051329738847
3277,0.05614356593421091
3278,0.05605432527715547
3279,0.05596532844668145
3280,0.055876574535087084
3281,0.05578806263883686
3282,0.05569979185853996
3283,0.05561176129892776
3284,0.055523970068832106
3285,0.0554364172811635
3286,0.05534910205288947
3287,0.055262023505012844
3288,0.055175180762550666
3289,0.05508857295451239
3290,0.055002199213879555
3291,0.054916058677583826
3292,0.054830150486486484
3293,0.05474447378535806
3294,0.05465902772285683
3295,0.05457381145150887
3296,0.05448882412768734
3297,0.05440406491159239
3298,0.05431953296723082
3299,0.05423522746239608
3300,0.054151147568648084
3301,0.0540672924612939
3302,0.05398366131936751
3303,0.0539002533256103
3304,0.05381706766645198
3305,0.05373410353199051
3306,0.05365136011597342
3307,0.0535688366157785
3308,0.053486532232394676
3309,0.05340444617040292
3310,0.05332257763795781
3311,0.053240925846768684
3312,0.053159490012080736
3313,0.05307826935265718
3314,0.05299726309076004
3315,0.05291647045213267
3316,0.05283589066598077
3317,0.0527555229649551
3318,0.052675366585133325
3319,0.05259542076600144
3320,0.0525156847504371
3321,0.0524361577846912
3322,0.05235683911837083
3323,0.05227772800442119
3324,0.05219882369910885
3325,0.05212012546200458
3326,0.05204163255596557
3327,0.05196334424711869
3328,0.05188525980484377
3329,0.051807378501756596
3330,0.05172969961369209
3331,0.05165222241968763
3332,0.05157494620196671
3333,0.05149787024592216
3334,0.051420993840100224
3335,0.05134431627618373
3336,0.05126783684897635
3337,0.05119155485638626
3338,0.05111546959941057
3339,0.05103958038211886
3340,0.05096388651163721
3341,0.050888387298133955
3342,0.05081308205480205
3343,0.050737970097844885
3344,0.05066305074646019
3345,0.05058832332282543
3346,0.05051378715208147
3347,0.050439441562318325
3348,0.050365285884559394
3349,0.05029131945274693
3350,0.050217541603726934
3351,0.05014395167723436
3352,0.05007054901587816
3353,0.04999733296512683
