0,0,0,0,0,0.468976
0,0,0,0,1,0.583958
0,0,0,0,2,0.418763
0,0,0,0,3,0.227042
0,0,0,0,4,0.156886
0,0,0,1,0,0.620802
0,0,0,1,1,0.621246
0,0,0,1,2,0.619289
0,0,0,1,3,0.049007
0,0,0,1,4,0.363824
0,0,0,2,0,0.281583
0,0,0,2,1,0.094340
0,0,0,2,2,0.319399
0,0,0,2,3,0.588878
0,0,0,2,4,0.687226
0,0,0,3,0,0.352227
0,0,0,3,1,0.129315
0,0,0,3,2,0.112461
0,0,0,3,3,0.028318
0,0,0,3,4,0.629031
0,0,0,4,0,0.955797
0,0,0,4,1,0.769624
0,0,0,4,2,0.846456
0,0,0,4,3,0.914131
0,0,0,4,4,0.742534
0,0,1,0,0,0.422851
0,0,1,0,1,0.073594
0,0,1,0,2,0.015102
0,0,1,0,3,0.036838
0,0,1,0,4,0.331784
0,0,1,1,0,0.518500
0,0,1,1,1,0.113214
0,0,1,1,2,0.681594
0,0,1,1,3,0.332890
0,0,1,1,4,0.302370
0,0,1,2,0,0.608619
0,0,1,2,1,0.602863
0,0,1,2,2,0.609346
0,0,1,2,3,0.661717
0,0,1,2,4,0.135598
0,0,1,3,0,0.344674
0,0,1,3,1,0.803847
0,0,1,3,2,0.022303
0,0,1,3,3,0.808957
0,0,1,3,4,0.393118
0,0,1,4,0,0.988285
0,0,1,4,1,0.127497
0,0,1,4,2,0.064397
0,0,1,4,3,0.005996
0,0,1,4,4,0.039211
0,0,2,0,0,0.958618
0,0,2,0,1,0.668594
0,0,2,0,2,0.217335
0,0,2,0,3,0.645108
0,0,2,0,4,0.323063
0,0,2,1,0,0.436579
0,0,2,1,1,0.663498
0,0,2,1,2,0.798773
0,0,2,1,3,0.342504
0,0,2,1,4,0.327567
0,0,2,2,0,0.604705
0,0,2,2,1,0.607262
0,0,2,2,2,0.979751
0,0,2,2,3,0.287353
0,0,2,2,4,1.329178
0,0,2,3,0,0.405304
0,0,2,3,1,0.237337
0,0,2,3,2,0.516872
0,0,2,3,3,0.515429
0,0,2,3,4,0.757814
0,0,2,4,0,0.062322
0,0,2,4,1,0.370849
0,0,2,4,2,0.474195
0,0,2,4,3,0.867374
0,0,2,4,4,0.622395
0,0,3,0,0,0.504343
0,0,3,0,1,0.149965
0,0,3,0,2,0.116903
0,0,3,0,3,0.394328
0,0,3,0,4,0.390338
0,0,3,1,0,-0.448905
0,0,3,1,1,0.555272
0,0,3,1,2,0.664910
0,0,3,1,3,1.036476
0,0,3,1,4,2.559146
0,0,3,2,0,0.553984
0,0,3,2,1,0.866326
0,0,3,2,2,0.954474
0,0,3,2,3,0.406762
0,0,3,2,4,0.536241
0,0,3,3,0,0.659793
0,0,3,3,1,0.720919
0,0,3,3,2,0.664453
0,0,3,3,3,0.508228
0,0,3,3,4,0.648937
0,0,3,4,0,0.829367
0,0,3,4,1,0.055374
0,0,3,4,2,0.374169
0,0,3,4,3,0.060638
0,0,3,4,4,0.726412
0,0,4,0,0,0.251134
0,0,4,0,1,0.403481
0,0,4,0,2,0.515762
0,0,4,0,3,0.942811
0,0,4,0,4,0.437407
0,0,4,1,0,4.534984
0,0,4,1,1,3.439718
0,0,4,1,2,2.090530
0,0,4,1,3,0.445695
0,0,4,1,4,3.263518
0,0,4,2,0,0.700708
0,0,4,2,1,0.994251
0,0,4,2,2,0.186849
0,0,4,2,3,0.090744
0,0,4,2,4,0.534768
0,0,4,3,0,0.482420
0,0,4,3,1,0.853111
0,0,4,3,2,0.490465
0,0,4,3,3,0.482507
0,0,4,3,4,0.442230
0,0,4,4,0,0.049915
0,0,4,4,1,0.162918
0,0,4,4,2,0.853579
0,0,4,4,3,0.132284
0,0,4,4,4,0.328421
0,1,0,0,0,0.614835
0,1,0,0,1,0.225456
0,1,0,0,2,0.680838
0,1,0,0,3,0.524002
0,1,0,0,4,0.079520
0,1,0,1,0,0.200806
0,1,0,1,1,0.169743
0,1,0,1,2,0.281929
0,1,0,1,3,0.203035
0,1,0,1,4,0.286722
0,1,0,2,0,0.643404
0,1,0,2,1,0.156313
0,1,0,2,2,0.077539
0,1,0,2,3,0.359286
0,1,0,2,4,0.847393
0,1,0,3,0,0.647311
0,1,0,3,1,0.775122
0,1,0,3,2,0.387802
0,1,0,3,3,0.715433
0,1,0,3,4,0.500976
0,1,0,4,0,0.434900
0,1,0,4,1,0.995303
0,1,0,4,2,0.958372
0,1,0,4,3,0.129548
0,1,0,4,4,0.386803
0,1,1,0,0,0.266060
0,1,1,0,1,0.953893
0,1,1,0,2,0.531906
0,1,1,0,3,0.557686
0,1,1,0,4,0.038910
0,1,1,1,0,0.219765
0,1,1,1,1,0.091267
0,1,1,1,2,0.274599
0,1,1,1,3,0.069344
0,1,1,1,4,0.236036
0,1,1,2,0,0.116279
0,1,1,2,1,0.785678
0,1,1,2,2,0.950276
0,1,1,2,3,0.994958
0,1,1,2,4,0.678192
0,1,1,3,0,0.352810
0,1,1,3,1,0.878383
0,1,1,3,2,0.367975
0,1,1,3,3,0.458771
0,1,1,3,4,0.288786
0,1,1,4,0,0.864242
0,1,1,4,1,0.323977
0,1,1,4,2,0.650704
0,1,1,4,3,0.599504
0,1,1,4,4,0.883438
0,1,2,0,0,0.898577
0,1,2,0,1,0.676712
0,1,2,0,2,0.722808
0,1,2,0,3,0.360490
0,1,2,0,4,0.069534
0,1,2,1,0,0.148561
0,1,2,1,1,0.136682
0,1,2,1,2,0.134854
0,1,2,1,3,0.213729
0,1,2,1,4,0.380071
0,1,2,2,0,0.685046
0,1,2,2,1,0.536527
0,1,2,2,2,0.310617
0,1,2,2,3,0.921497
0,1,2,2,4,0.691610
0,1,2,3,0,0.766714
0,1,2,3,1,0.296100
0,1,2,3,2,0.670200
0,1,2,3,3,0.588482
0,1,2,3,4,0.034069
0,1,2,4,0,0.261294
0,1,2,4,1,0.090907
0,1,2,4,2,0.777261
0,1,2,4,3,0.055053
0,1,2,4,4,0.844221
0,1,3,0,0,0.206130
0,1,3,0,1,0.942207
0,1,3,0,2,0.357465
0,1,3,0,3,0.552350
0,1,3,0,4,0.028962
0,1,3,1,0,0.242325
0,1,3,1,1,0.193392
0,1,3,1,2,0.163030
0,1,3,1,3,0.250966
0,1,3,1,4,0.632960
0,1,3,2,0,0.073857
0,1,3,2,1,0.302357
0,1,3,2,2,0.130837
0,1,3,2,3,0.357087
0,1,3,2,4,0.499443
0,1,3,3,0,0.085443
0,1,3,3,1,0.455558
0,1,3,3,2,0.379864
0,1,3,3,3,0.874205
0,1,3,3,4,0.060904
0,1,3,4,0,0.589158
0,1,3,4,1,0.586239
0,1,3,4,2,0.607299
0,1,3,4,3,0.752465
0,1,3,4,4,0.953022
0,1,4,0,0,0.072514
0,1,4,0,1,0.382353
0,1,4,0,2,0.029014
0,1,4,0,3,0.305134
0,1,4,0,4,0.077963
0,1,4,1,0,0.792283
0,1,4,1,1,0.180256
0,1,4,1,2,0.274000
0,1,4,1,3,0.250242
0,1,4,1,4,0.612727
0,1,4,2,0,0.527573
0,1,4,2,1,0.061522
0,1,4,2,2,0.550330
0,1,4,2,3,0.042055
0,1,4,2,4,0.614061
0,1,4,3,0,0.784025
0,1,4,3,1,0.086871
0,1,4,3,2,0.139151
0,1,4,3,3,0.850724
0,1,4,3,4,0.131078
0,1,4,4,0,0.035265
0,1,4,4,1,0.410879
0,1,4,4,2,0.513394
0,1,4,4,3,0.646427
0,1,4,4,4,0.734054
0,2,0,0,0,0.861623
0,2,0,0,1,0.837294
0,2,0,0,2,0.261966
0,2,0,0,3,0.476427
0,2,0,0,4,-0.038462
0,2,0,1,0,0.074910
0,2,0,1,1,0.597098
0,2,0,1,2,0.218325
0,2,0,1,3,0.362900
0,2,0,1,4,0.309744
0,2,0,2,0,0.371718
0,2,0,2,1,0.669494
0,2,0,2,2,0.387118
0,2,0,2,3,0.539316
0,2,0,2,4,0.809672
0,2,0,3,0,0.967429
0,2,0,3,1,0.995877
0,2,0,3,2,0.576389
0,2,0,3,3,0.261769
0,2,0,3,4,0.235311
0,2,0,4,0,0.391196
0,2,0,4,1,0.313341
0,2,0,4,2,0.937013
0,2,0,4,3,0.638049
0,2,0,4,4,0.483402
0,2,1,0,0,0.843827
0,2,1,0,1,0.545425
0,2,1,0,2,0.274410
0,2,1,0,3,0.497704
0,2,1,0,4,-0.026733
0,2,1,1,0,-0.007258
0,2,1,1,1,0.563913
0,2,1,1,2,0.134555
0,2,1,1,3,0.366951
0,2,1,1,4,0.264378
0,2,1,2,0,0.250312
0,2,1,2,1,0.010356
0,2,1,2,2,0.711567
0,2,1,2,3,0.379703
0,2,1,2,4,0.559662
0,2,1,3,0,0.188472
0,2,1,3,1,0.801025
0,2,1,3,2,0.491596
0,2,1,3,3,0.823091
0,2,1,3,4,0.427959
0,2,1,4,0,0.157619
0,2,1,4,1,0.398655
0,2,1,4,2,0.940734
0,2,1,4,3,0.336403
0,2,1,4,4,0.417838
0,2,2,0,0,0.365486
0,2,2,0,1,0.831861
0,2,2,0,2,0.721070
0,2,2,0,3,0.363350
0,2,2,0,4,-0.050351
0,2,2,1,0,-0.036698
0,2,2,1,1,0.566952
0,2,2,1,2,0.430300
0,2,2,1,3,0.333470
0,2,2,1,4,0.313652
0,2,2,2,0,0.848741
0,2,2,2,1,0.807666
0,2,2,2,2,0.276628
0,2,2,2,3,0.098876
0,2,2,2,4,0.289283
0,2,2,3,0,0.992399
0,2,2,3,1,0.531628
0,2,2,3,2,0.404261
0,2,2,3,3,0.468229
0,2,2,3,4,0.142374
0,2,2,4,0,0.017873
0,2,2,4,1,0.590694
0,2,2,4,2,0.231177
0,2,2,4,3,0.169171
0,2,2,4,4,0.297041
0,2,3,0,0,0.749948
0,2,3,0,1,0.294245
0,2,3,0,2,0.831383
0,2,3,0,3,0.009469
0,2,3,0,4,-0.092053
0,2,3,1,0,-0.044777
0,2,3,1,1,0.567009
0,2,3,1,2,0.476041
0,2,3,1,3,-0.013163
0,2,3,1,4,0.316399
0,2,3,2,0,0.727194
0,2,3,2,1,0.206120
0,2,3,2,2,0.135767
0,2,3,2,3,0.235763
0,2,3,2,4,0.215388
0,2,3,3,0,0.745447
0,2,3,3,1,0.621672
0,2,3,3,2,0.427128
0,2,3,3,3,0.836850
0,2,3,3,4,0.932841
0,2,3,4,0,0.787591
0,2,3,4,1,0.877955
0,2,3,4,2,0.274268
0,2,3,4,3,0.214231
0,2,3,4,4,0.528420
0,2,4,0,0,0.565194
0,2,4,0,1,0.408275
0,2,4,0,2,0.822783
0,2,4,0,3,0.423240
0,2,4,0,4,-0.022081
0,2,4,1,0,0.189230
0,2,4,1,1,0.173313
0,2,4,1,2,0.465551
0,2,4,1,3,0.367902
0,2,4,1,4,0.306577
0,2,4,2,0,0.792247
0,2,4,2,1,0.836341
0,2,4,2,2,0.602238
0,2,4,2,3,0.397767
0,2,4,2,4,0.454041
0,2,4,3,0,0.704153
0,2,4,3,1,0.700421
0,2,4,3,2,0.319038
0,2,4,3,3,0.433689
0,2,4,3,4,0.782751
0,2,4,4,0,0.514033
0,2,4,4,1,0.008450
0,2,4,4,2,0.487695
0,2,4,4,3,0.686344
0,2,4,4,4,0.688084
0,3,0,0,0,0.311213
0,3,0,0,1,0.535785
0,3,0,0,2,0.808086
0,3,0,0,3,0.646437
0,3,0,0,4,0.132581
0,3,0,1,0,0.337837
0,3,0,1,1,0.056661
0,3,0,1,2,0.022154
0,3,0,1,3,0.048434
0,3,0,1,4,0.091808
0,3,0,2,0,0.693994
0,3,0,2,1,0.305820
0,3,0,2,2,0.587255
0,3,0,2,3,0.980510
0,3,0,2,4,0.601300
0,3,0,3,0,0.363197
0,3,0,3,1,0.657671
0,3,0,3,2,0.485809
0,3,0,3,3,0.502076
0,3,0,3,4,0.965338
0,3,0,4,0,0.938403
0,3,0,4,1,0.267456
0,3,0,4,2,0.951973
0,3,0,4,3,0.138899
0,3,0,4,4,0.719804
0,3,1,0,0,0.608319
0,3,1,0,1,0.344361
0,3,1,0,2,0.329154
0,3,1,0,3,0.037341
0,3,1,0,4,0.124557
0,3,1,1,0,0.344141
0,3,1,1,1,0.007408
0,3,1,1,2,0.238298
0,3,1,1,3,0.389497
0,3,1,1,4,0.171489
0,3,1,2,0,0.695685
0,3,1,2,1,0.867813
0,3,1,2,2,0.571296
0,3,1,2,3,0.059721
0,3,1,2,4,0.378863
0,3,1,3,0,0.883544
0,3,1,3,1,0.287899
0,3,1,3,2,0.721752
0,3,1,3,3,0.907758
0,3,1,3,4,0.373324
0,3,1,4,0,0.834466
0,3,1,4,1,0.075655
0,3,1,4,2,0.129073
0,3,1,4,3,0.146438
0,3,1,4,4,0.848325
0,3,2,0,0,0.617190
0,3,2,0,1,0.581906
0,3,2,0,2,0.796688
0,3,2,0,3,0.629034
0,3,2,0,4,-0.161282
0,3,2,1,0,0.354174
0,3,2,1,1,0.049390
0,3,2,1,2,0.313958
0,3,2,1,3,0.668483
0,3,2,1,4,0.268327
0,3,2,2,0,0.834612
0,3,2,2,1,0.580654
0,3,2,2,2,0.246226
0,3,2,2,3,0.392672
0,3,2,2,4,0.743113
0,3,2,3,0,0.626448
0,3,2,3,1,0.777220
0,3,2,3,2,0.277463
0,3,2,3,3,0.865927
0,3,2,3,4,0.792101
0,3,2,4,0,0.158773
0,3,2,4,1,0.221466
0,3,2,4,2,0.301529
0,3,2,4,3,0.028867
0,3,2,4,4,0.914640
0,3,3,0,0,0.528849
0,3,3,0,1,0.230789
0,3,3,0,2,0.350938
0,3,3,0,3,0.549943
0,3,3,0,4,0.150311
0,3,3,1,0,0.320237
0,3,3,1,1,0.063341
0,3,3,1,2,0.094732
0,3,3,1,3,0.089204
0,3,3,1,4,0.181353
0,3,3,2,0,0.539542
0,3,3,2,1,0.773422
0,3,3,2,2,0.934006
0,3,3,2,3,0.777361
0,3,3,2,4,0.038394
0,3,3,3,0,0.035882
0,3,3,3,1,0.029429
0,3,3,3,2,0.681292
0,3,3,3,3,0.536521
0,3,3,3,4,0.170244
0,3,3,4,0,0.796498
0,3,3,4,1,0.279681
0,3,3,4,2,0.013210
0,3,3,4,3,0.112380
0,3,3,4,4,0.652664
0,3,4,0,0,0.382954
0,3,4,0,1,0.018014
0,3,4,0,2,0.113807
0,3,4,0,3,0.660037
0,3,4,0,4,-0.024802
0,3,4,1,0,0.354452
0,3,4,1,1,0.066231
0,3,4,1,2,0.743126
0,3,4,1,3,0.604302
0,3,4,1,4,0.162758
0,3,4,2,0,0.233170
0,3,4,2,1,0.101628
0,3,4,2,2,0.518879
0,3,4,2,3,0.043655
0,3,4,2,4,0.614008
0,3,4,3,0,0.693387
0,3,4,3,1,0.401507
0,3,4,3,2,0.642626
0,3,4,3,3,0.506042
0,3,4,3,4,0.192668
0,3,4,4,0,0.041189
0,3,4,4,1,0.936601
0,3,4,4,2,0.201961
0,3,4,4,3,0.488874
0,3,4,4,4,0.469422
0,4,0,0,0,0.267696
0,4,0,0,1,0.162865
0,4,0,0,2,0.730088
0,4,0,0,3,0.810504
0,4,0,0,4,0.006113
0,4,0,1,0,0.375393
0,4,0,1,1,0.533077
0,4,0,1,2,0.751442
0,4,0,1,3,0.268194
0,4,0,1,4,-0.024365
0,4,0,2,0,0.056120
0,4,0,2,1,0.850146
0,4,0,2,2,0.959281
0,4,0,2,3,0.068309
0,4,0,2,4,0.426416
0,4,0,3,0,0.084095
0,4,0,3,1,0.052306
0,4,0,3,2,0.697231
0,4,0,3,3,0.595660
0,4,0,3,4,0.889158
0,4,0,4,0,0.865548
0,4,0,4,1,0.080729
0,4,0,4,2,0.261374
0,4,0,4,3,0.161801
0,4,0,4,4,0.254407
0,4,1,0,0,0.369554
0,4,1,0,1,0.073379
0,4,1,0,2,0.089102
0,4,1,0,3,0.047050
0,4,1,0,4,0.169454
0,4,1,1,0,0.128418
0,4,1,1,1,0.161639
0,4,1,1,2,0.761793
0,4,1,1,3,0.021819
0,4,1,1,4,-0.011114
0,4,1,2,0,0.815972
0,4,1,2,1,0.056915
0,4,1,2,2,0.042661
0,4,1,2,3,0.511397
0,4,1,2,4,0.642166
0,4,1,3,0,0.201734
0,4,1,3,1,0.621949
0,4,1,3,2,0.000265
0,4,1,3,3,0.998438
0,4,1,3,4,0.405665
0,4,1,4,0,0.457024
0,4,1,4,1,0.332493
0,4,1,4,2,0.627414
0,4,1,4,3,0.671044
0,4,1,4,4,0.815384
0,4,2,0,0,0.473942
0,4,2,0,1,0.766378
0,4,2,0,2,0.756925
0,4,2,0,3,0.354938
0,4,2,0,4,0.352867
0,4,2,1,0,0.338638
0,4,2,1,1,0.516733
0,4,2,1,2,0.282514
0,4,2,1,3,0.270574
0,4,2,1,4,0.093572
0,4,2,2,0,0.075301
0,4,2,2,1,0.100421
0,4,2,2,2,0.500547
0,4,2,2,3,0.364295
0,4,2,2,4,0.474389
0,4,2,3,0,0.826846
0,4,2,3,1,0.819346
0,4,2,3,2,0.289342
0,4,2,3,3,0.168465
0,4,2,3,4,0.851138
0,4,2,4,0,0.772484
0,4,2,4,1,0.256612
0,4,2,4,2,0.920270
0,4,2,4,3,0.205621
0,4,2,4,4,0.539570
0,4,3,0,0,0.285636
0,4,3,0,1,0.859478
0,4,3,0,2,0.431187
0,4,3,0,3,0.766656
0,4,3,0,4,0.380446
0,4,3,1,0,0.318658
0,4,3,1,1,0.516932
0,4,3,1,2,0.038473
0,4,3,1,3,0.277732
0,4,3,1,4,-0.025078
0,4,3,2,0,0.222832
0,4,3,2,1,0.453254
0,4,3,2,2,0.742062
0,4,3,2,3,0.616550
0,4,3,2,4,0.813414
0,4,3,3,0,0.964043
0,4,3,3,1,0.189124
0,4,3,3,2,0.108816
0,4,3,3,3,0.922522
0,4,3,3,4,0.339737
0,4,3,4,0,0.907985
0,4,3,4,1,0.603435
0,4,3,4,2,0.834026
0,4,3,4,3,0.818149
0,4,3,4,4,0.649960
0,4,4,0,0,0.575647
0,4,4,0,1,0.217954
0,4,4,0,2,0.024682
0,4,4,0,3,0.605193
0,4,4,0,4,0.409423
0,4,4,1,0,0.707668
0,4,4,1,1,0.528225
0,4,4,1,2,0.771048
0,4,4,1,3,0.058213
0,4,4,1,4,-0.014484
0,4,4,2,0,0.967429
0,4,4,2,1,0.023255
0,4,4,2,2,0.001969
0,4,4,2,3,0.394691
0,4,4,2,4,0.469456
0,4,4,3,0,0.074184
0,4,4,3,1,0.994788
0,4,4,3,2,0.603675
0,4,4,3,3,0.320901
0,4,4,3,4,0.851874
0,4,4,4,0,0.987577
0,4,4,4,1,0.153125
0,4,4,4,2,0.868247
0,4,4,4,3,0.065061
0,4,4,4,4,0.610121
1,0,0,0,0,0.111239
1,0,0,0,1,0.425361
1,0,0,0,2,0.131255
1,0,0,0,3,0.613668
1,0,0,0,4,0.458405
1,0,0,1,0,0.728109
1,0,0,1,1,0.503058
1,0,0,1,2,0.424637
1,0,0,1,3,0.408465
1,0,0,1,4,0.924715
1,0,0,2,0,0.158673
1,0,0,2,1,0.882448
1,0,0,2,2,0.477819
1,0,0,2,3,0.990019
1,0,0,2,4,0.435962
1,0,0,3,0,0.521599
1,0,0,3,1,0.771220
1,0,0,3,2,0.930159
1,0,0,3,3,0.830162
1,0,0,3,4,0.337238
1,0,0,4,0,0.055476
1,0,0,4,1,0.764218
1,0,0,4,2,0.664502
1,0,0,4,3,0.833816
1,0,0,4,4,0.033299
1,0,1,0,0,0.097419
1,0,1,0,1,0.046234
1,0,1,0,2,0.298010
1,0,1,0,3,0.394411
1,0,1,0,4,0.674883
1,0,1,1,0,0.312756
1,0,1,1,1,0.502911
1,0,1,1,2,0.722107
1,0,1,1,3,0.350922
1,0,1,1,4,0.060528
1,0,1,2,0,0.011032
1,0,1,2,1,0.877898
1,0,1,2,2,0.738778
1,0,1,2,3,0.063496
1,0,1,2,4,0.831384
1,0,1,3,0,0.434608
1,0,1,3,1,0.216864
1,0,1,3,2,0.900298
1,0,1,3,3,0.247804
1,0,1,3,4,0.221406
1,0,1,4,0,0.825943
1,0,1,4,1,0.480812
1,0,1,4,2,0.189401
1,0,1,4,3,0.068715
1,0,1,4,4,0.594261
1,0,2,0,0,0.237642
1,0,2,0,1,0.138423
1,0,2,0,2,0.382607
1,0,2,0,3,0.685781
1,0,2,0,4,0.239425
1,0,2,1,0,0.320695
1,0,2,1,1,0.521516
1,0,2,1,2,0.234469
1,0,2,1,3,0.403315
1,0,2,1,4,0.285693
1,0,2,2,0,0.018632
1,0,2,2,1,0.694802
1,0,2,2,2,0.785616
1,0,2,2,3,0.450512
1,0,2,2,4,0.672938
1,0,2,3,0,0.680749
1,0,2,3,1,0.981535
1,0,2,3,2,0.367083
1,0,2,3,3,0.138679
1,0,2,3,4,0.043217
1,0,2,4,0,0.462405
1,0,2,4,1,0.684455
1,0,2,4,2,0.757353
1,0,2,4,3,0.640489
1,0,2,4,4,0.436152
1,0,3,0,0,0.993842
1,0,3,0,1,0.632193
1,0,3,0,2,0.311666
1,0,3,0,3,0.669886
1,0,3,0,4,0.933713
1,0,3,1,0,0.330703
1,0,3,1,1,0.328336
1,0,3,1,2,0.783689
1,0,3,1,3,0.566366
1,0,3,1,4,2.938831
1,0,3,2,0,0.152932
1,0,3,2,1,0.565733
1,0,3,2,2,0.906154
1,0,3,2,3,0.800346
1,0,3,2,4,0.043943
1,0,3,3,0,0.271348
1,0,3,3,1,0.141858
1,0,3,3,2,0.649578
1,0,3,3,3,0.033889
1,0,3,3,4,0.917685
1,0,3,4,0,0.028450
1,0,3,4,1,0.276050
1,0,3,4,2,0.333793
1,0,3,4,3,0.237173
1,0,3,4,4,0.593411
1,0,4,0,0,0.468657
1,0,4,0,1,0.748490
1,0,4,0,2,0.348749
1,0,4,0,3,0.808840
1,0,4,0,4,0.523703
1,0,4,1,0,3.639782
1,0,4,1,1,1.276702
1,0,4,1,2,0.756721
1,0,4,1,3,2.047482
1,0,4,1,4,4.404563
1,0,4,2,0,0.992196
1,0,4,2,1,0.533835
1,0,4,2,2,0.490447
1,0,4,2,3,0.879003
1,0,4,2,4,0.949992
1,0,4,3,0,0.476112
1,0,4,3,1,0.130849
1,0,4,3,2,0.609976
1,0,4,3,3,0.202355
1,0,4,3,4,0.339900
1,0,4,4,0,0.989503
1,0,4,4,1,0.269256
1,0,4,4,2,0.383237
1,0,4,4,3,0.084544
1,0,4,4,4,0.054446
1,1,0,0,0,0.827582
1,1,0,0,1,0.027739
1,1,0,0,2,0.288212
1,1,0,0,3,0.020490
1,1,0,0,4,0.252683
1,1,0,1,0,0.275353
1,1,0,1,1,0.466050
1,1,0,1,2,0.540461
1,1,0,1,3,0.507461
1,1,0,1,4,0.446704
1,1,0,2,0,0.237687
1,1,0,2,1,0.840284
1,1,0,2,2,0.042182
1,1,0,2,3,0.841180
1,1,0,2,4,0.437659
1,1,0,3,0,0.661996
1,1,0,3,1,0.275961
1,1,0,3,2,0.692938
1,1,0,3,3,0.560111
1,1,0,3,4,0.100837
1,1,0,4,0,0.285304
1,1,0,4,1,0.725146
1,1,0,4,2,0.508288
1,1,0,4,3,0.173643
1,1,0,4,4,0.987059
1,1,1,0,0,0.954469
1,1,1,0,1,0.479642
1,1,1,0,2,0.620360
1,1,1,0,3,0.906633
1,1,1,0,4,0.416964
1,1,1,1,0,0.628470
1,1,1,1,1,0.390867
1,1,1,1,2,0.277424
1,1,1,1,3,0.504407
1,1,1,1,4,0.302261
1,1,1,2,0,0.604266
1,1,1,2,1,0.111151
1,1,1,2,2,0.946851
1,1,1,2,3,0.399891
1,1,1,2,4,0.787385
1,1,1,3,0,0.233508
1,1,1,3,1,0.339451
1,1,1,3,2,0.335257
1,1,1,3,3,0.382298
1,1,1,3,4,0.780524
1,1,1,4,0,0.529873
1,1,1,4,1,0.338724
1,1,1,4,2,0.729415
1,1,1,4,3,0.933251
1,1,1,4,4,0.482765
1,1,2,0,0,0.987106
1,1,2,0,1,0.832169
1,1,2,0,2,0.681875
1,1,2,0,3,0.627415
1,1,2,0,4,0.178255
1,1,2,1,0,0.557853
1,1,2,1,1,0.816641
1,1,2,1,2,0.704807
1,1,2,1,3,0.504970
1,1,2,1,4,0.278941
1,1,2,2,0,0.276402
1,1,2,2,1,0.023979
1,1,2,2,2,0.255372
1,1,2,2,3,0.727623
1,1,2,2,4,0.716794
1,1,2,3,0,0.340212
1,1,2,3,1,0.378500
1,1,2,3,2,0.216566
1,1,2,3,3,0.800554
1,1,2,3,4,0.053163
1,1,2,4,0,0.473100
1,1,2,4,1,0.461923
1,1,2,4,2,0.792212
1,1,2,4,3,0.193396
1,1,2,4,4,0.535297
1,1,3,0,0,0.238251
1,1,3,0,1,0.342347
1,1,3,0,2,0.622534
1,1,3,0,3,0.945377
1,1,3,0,4,0.415878
1,1,3,1,0,0.658630
1,1,3,1,1,0.485355
1,1,3,1,2,0.637654
1,1,3,1,3,0.543805
1,1,3,1,4,1.220804
1,1,3,2,0,0.621413
1,1,3,2,1,0.587975
1,1,3,2,2,0.145694
1,1,3,2,3,0.732697
1,1,3,2,4,0.731747
1,1,3,3,0,0.573863
1,1,3,3,1,0.429139
1,1,3,3,2,0.344279
1,1,3,3,3,0.544817
1,1,3,3,4,0.309433
1,1,3,4,0,0.756144
1,1,3,4,1,0.963453
1,1,3,4,2,0.020783
1,1,3,4,3,0.674960
1,1,3,4,4,0.069992
1,1,4,0,0,0.460932
1,1,4,0,1,0.144353
1,1,4,0,2,0.680693
1,1,4,0,3,0.905948
1,1,4,0,4,0.419025
1,1,4,1,0,1.709122
1,1,4,1,1,0.094349
1,1,4,1,2,0.782097
1,1,4,1,3,0.127384
1,1,4,1,4,1.222499
1,1,4,2,0,0.940309
1,1,4,2,1,0.823305
1,1,4,2,2,0.530043
1,1,4,2,3,0.936770
1,1,4,2,4,0.333589
1,1,4,3,0,0.642263
1,1,4,3,1,0.588539
1,1,4,3,2,0.104618
1,1,4,3,3,0.798294
1,1,4,3,4,0.645059
1,1,4,4,0,0.626483
1,1,4,4,1,0.185435
1,1,4,4,2,0.727345
1,1,4,4,3,0.636316
1,1,4,4,4,0.292658
1,2,0,0,0,0.913772
1,2,0,0,1,0.764529
1,2,0,0,2,0.822652
1,2,0,0,3,0.789541
1,2,0,0,4,0.706279
1,2,0,1,0,0.321439
1,2,0,1,1,0.182783
1,2,0,1,2,0.291160
1,2,0,1,3,0.551239
1,2,0,1,4,0.597500
1,2,0,2,0,0.852921
1,2,0,2,1,0.372138
1,2,0,2,2,0.563193
1,2,0,2,3,0.970692
1,2,0,2,4,0.130876
1,2,0,3,0,0.980582
1,2,0,3,1,0.056883
1,2,0,3,2,0.605491
1,2,0,3,3,0.363693
1,2,0,3,4,0.242036
1,2,0,4,0,0.975079
1,2,0,4,1,0.497769
1,2,0,4,2,0.223437
1,2,0,4,3,0.617333
1,2,0,4,4,0.177526
1,2,1,0,0,0.161289
1,2,1,0,1,0.893229
1,2,1,0,2,0.802640
1,2,1,0,3,0.269861
1,2,1,0,4,0.074342
1,2,1,1,0,0.012592
1,2,1,1,1,0.290145
1,2,1,1,2,0.819642
1,2,1,1,3,0.283476
1,2,1,1,4,0.343490
1,2,1,2,0,0.436806
1,2,1,2,1,0.997147
1,2,1,2,2,0.098430
1,2,1,2,3,0.411039
1,2,1,2,4,0.397465
1,2,1,3,0,0.761584
1,2,1,3,1,0.772374
1,2,1,3,2,0.059452
1,2,1,3,3,0.622217
1,2,1,3,4,0.667459
1,2,1,4,0,0.519990
1,2,1,4,1,0.513616
1,2,1,4,2,0.515542
1,2,1,4,3,0.114847
1,2,1,4,4,0.714067
1,2,2,0,0,0.638171
1,2,2,0,1,0.560266
1,2,2,0,2,0.915134
1,2,2,0,3,0.047467
1,2,2,0,4,0.735845
1,2,2,1,0,1.859067
1,2,2,1,1,0.319447
1,2,2,1,2,0.455637
1,2,2,1,3,0.597910
1,2,2,1,4,1.368272
1,2,2,2,0,0.582981
1,2,2,2,1,0.318409
1,2,2,2,2,0.041311
1,2,2,2,3,0.821631
1,2,2,2,4,0.030037
1,2,2,3,0,0.510477
1,2,2,3,1,0.514256
1,2,2,3,2,0.393765
1,2,2,3,3,0.137754
1,2,2,3,4,0.843131
1,2,2,4,0,0.730955
1,2,2,4,1,0.927217
1,2,2,4,2,0.811265
1,2,2,4,3,0.304656
1,2,2,4,4,0.851189
1,2,3,0,0,0.607738
1,2,3,0,1,0.328445
1,2,3,0,2,0.654362
1,2,3,0,3,0.341884
1,2,3,0,4,0.740402
1,2,3,1,0,0.507165
1,2,3,1,1,0.284817
1,2,3,1,2,0.335208
1,2,3,1,3,0.593710
1,2,3,1,4,1.782418
1,2,3,2,0,0.709045
1,2,3,2,1,0.367549
1,2,3,2,2,0.231884
1,2,3,2,3,0.563105
1,2,3,2,4,0.017219
1,2,3,3,0,0.983908
1,2,3,3,1,0.928671
1,2,3,3,2,0.943605
1,2,3,3,3,0.622863
1,2,3,3,4,0.140781
1,2,3,4,0,0.492010
1,2,3,4,1,0.665343
1,2,3,4,2,0.283040
1,2,3,4,3,0.569253
1,2,3,4,4,0.073622
1,2,4,0,0,0.658698
1,2,4,0,1,0.192609
1,2,4,0,2,0.771040
1,2,4,0,3,0.452715
1,2,4,0,4,0.238809
1,2,4,1,0,1.695451
1,2,4,1,1,0.195086
1,2,4,1,2,1.047098
1,2,4,1,3,0.161306
1,2,4,1,4,1.776049
1,2,4,2,0,0.191601
1,2,4,2,1,0.658967
1,2,4,2,2,0.079893
1,2,4,2,3,0.449375
1,2,4,2,4,0.510186
1,2,4,3,0,0.066349
1,2,4,3,1,0.930711
1,2,4,3,2,0.028566
1,2,4,3,3,0.633063
1,2,4,3,4,0.370687
1,2,4,4,0,0.433456
1,2,4,4,1,0.912737
1,2,4,4,2,0.290153
1,2,4,4,3,0.810748
1,2,4,4,4,0.595507
1,3,0,0,0,0.801984
1,3,0,0,1,0.089599
1,3,0,0,2,0.115038
1,3,0,0,3,0.832877
1,3,0,0,4,0.093887
1,3,0,1,0,0.294108
1,3,0,1,1,0.329831
1,3,0,1,2,0.119751
1,3,0,1,3,0.576966
1,3,0,1,4,0.571813
1,3,0,2,0,0.604980
1,3,0,2,1,0.054901
1,3,0,2,2,0.441053
1,3,0,2,3,0.311120
1,3,0,2,4,0.201606
1,3,0,3,0,0.651958
1,3,0,3,1,0.228183
1,3,0,3,2,0.370352
1,3,0,3,3,0.996753
1,3,0,3,4,0.318203
1,3,0,4,0,0.989530
1,3,0,4,1,0.137583
1,3,0,4,2,0.092306
1,3,0,4,3,0.113930
1,3,0,4,4,0.399127
1,3,1,0,0,0.173460
1,3,1,0,1,0.708954
1,3,1,0,2,0.104570
1,3,1,0,3,0.814928
1,3,1,0,4,0.677231
1,3,1,1,0,0.245638
1,3,1,1,1,0.332942
1,3,1,1,2,0.180588
1,3,1,1,3,0.389642
1,3,1,1,4,0.402690
1,3,1,2,0,0.231613
1,3,1,2,1,0.802871
1,3,1,2,2,0.104924
1,3,1,2,3,0.562602
1,3,1,2,4,0.143056
1,3,1,3,0,0.462499
1,3,1,3,1,0.730701
1,3,1,3,2,0.957538
1,3,1,3,3,0.055906
1,3,1,3,4,0.020335
1,3,1,4,0,0.485774
1,3,1,4,1,0.712666
1,3,1,4,2,0.736182
1,3,1,4,3,0.666138
1,3,1,4,4,0.512111
1,3,2,0,0,0.079809
1,3,2,0,1,0.888900
1,3,2,0,2,0.201518
1,3,2,0,3,0.912823
1,3,2,0,4,0.814277
1,3,2,1,0,0.303348
1,3,2,1,1,0.324837
1,3,2,1,2,0.589545
1,3,2,1,3,0.338560
1,3,2,1,4,0.501495
1,3,2,2,0,0.289077
1,3,2,2,1,0.473052
1,3,2,2,2,0.753037
1,3,2,2,3,0.847656
1,3,2,2,4,0.470553
1,3,2,3,0,0.026033
1,3,2,3,1,0.453952
1,3,2,3,2,0.171157
1,3,2,3,3,0.598889
1,3,2,3,4,0.192359
1,3,2,4,0,0.578583
1,3,2,4,1,0.071676
1,3,2,4,2,0.844871
1,3,2,4,3,0.458920
1,3,2,4,4,0.160217
1,3,3,0,0,0.371718
1,3,3,0,1,0.671817
1,3,3,0,2,0.135505
1,3,3,0,3,0.844678
1,3,3,0,4,0.598043
1,3,3,1,0,0.077436
1,3,3,1,1,0.301872
1,3,3,1,2,0.032682
1,3,3,1,3,0.597004
1,3,3,1,4,1.733854
1,3,3,2,0,0.617841
1,3,3,2,1,0.882778
1,3,3,2,2,0.734900
1,3,3,2,3,0.777897
1,3,3,2,4,0.726438
1,3,3,3,0,0.038137
1,3,3,3,1,0.816391
1,3,3,3,2,0.865011
1,3,3,3,3,0.510993
1,3,3,3,4,0.830232
1,3,3,4,0,0.397168
1,3,3,4,1,0.027437
1,3,3,4,2,0.397509
1,3,3,4,3,0.344613
1,3,3,4,4,0.807092
1,3,4,0,0,0.211797
1,3,4,0,1,0.486965
1,3,4,0,2,0.186257
1,3,4,0,3,0.094249
1,3,4,0,4,0.893665
1,3,4,1,0,1.599242
1,3,4,1,1,0.299700
1,3,4,1,2,0.380346
1,3,4,1,3,0.658914
1,3,4,1,4,1.437880
1,3,4,2,0,0.861140
1,3,4,2,1,0.902395
1,3,4,2,2,0.609437
1,3,4,2,3,0.170848
1,3,4,2,4,0.578232
1,3,4,3,0,0.864450
1,3,4,3,1,0.184130
1,3,4,3,2,0.039177
1,3,4,3,3,0.816321
1,3,4,3,4,0.319966
1,3,4,4,0,0.570771
1,3,4,4,1,0.554662
1,3,4,4,2,0.907326
1,3,4,4,3,0.141613
1,3,4,4,4,0.436514
1,4,0,0,0,0.552689
1,4,0,0,1,0.643021
1,4,0,0,2,0.294695
1,4,0,0,3,0.916433
1,4,0,0,4,0.547300
1,4,0,1,0,0.430054
1,4,0,1,1,0.610076
1,4,0,1,2,0.374323
1,4,0,1,3,0.399429
1,4,0,1,4,0.376016
1,4,0,2,0,0.207563
1,4,0,2,1,0.438560
1,4,0,2,2,0.994582
1,4,0,2,3,0.649462
1,4,0,2,4,0.172104
1,4,0,3,0,0.433808
1,4,0,3,1,0.306787
1,4,0,3,2,0.497481
1,4,0,3,3,0.817176
1,4,0,3,4,0.693792
1,4,0,4,0,0.440259
1,4,0,4,1,0.413381
1,4,0,4,2,0.583851
1,4,0,4,3,0.553714
1,4,0,4,4,0.875252
1,4,1,0,0,0.887744
1,4,1,0,1,0.418573
1,4,1,0,2,0.869482
1,4,1,0,3,0.853510
1,4,1,0,4,0.000102
1,4,1,1,0,0.577943
1,4,1,1,1,0.605294
1,4,1,1,2,0.043939
1,4,1,1,3,0.401957
1,4,1,1,4,0.372752
1,4,1,2,0,0.434273
1,4,1,2,1,0.754207
1,4,1,2,2,0.800785
1,4,1,2,3,0.182501
1,4,1,2,4,0.533981
1,4,1,3,0,0.860743
1,4,1,3,1,0.102161
1,4,1,3,2,0.193962
1,4,1,3,3,0.226485
1,4,1,3,4,0.144687
1,4,1,4,0,0.321271
1,4,1,4,1,0.014784
1,4,1,4,2,0.083479
1,4,1,4,3,0.382436
1,4,1,4,4,0.876097
1,4,2,0,0,0.890324
1,4,2,0,1,0.383361
1,4,2,0,2,0.084867
1,4,2,0,3,0.475943
1,4,2,0,4,0.548323
1,4,2,1,0,0.278819
1,4,2,1,1,0.269484
1,4,2,1,2,0.554593
1,4,2,1,3,0.068304
1,4,2,1,4,0.184753
1,4,2,2,0,0.480200
1,4,2,2,1,0.396298
1,4,2,2,2,0.284515
1,4,2,2,3,0.107628
1,4,2,2,4,0.951306
1,4,2,3,0,0.109244
1,4,2,3,1,0.753772
1,4,2,3,2,0.772611
1,4,2,3,3,0.974203
1,4,2,3,4,0.226885
1,4,2,4,0,0.081218
1,4,2,4,1,0.814988
1,4,2,4,2,0.287675
1,4,2,4,3,0.375093
1,4,2,4,4,0.887951
1,4,3,0,0,0.376779
1,4,3,0,1,0.898799
1,4,3,0,2,0.604950
1,4,3,0,3,0.706844
1,4,3,0,4,0.500968
1,4,3,1,0,0.520273
1,4,3,1,1,0.604906
1,4,3,1,2,0.727756
1,4,3,1,3,0.378328
1,4,3,1,4,0.224856
1,4,3,2,0,0.980639
1,4,3,2,1,0.596958
1,4,3,2,2,0.408592
1,4,3,2,3,0.175470
1,4,3,2,4,0.881599
1,4,3,3,0,0.223513
1,4,3,3,1,0.797783
1,4,3,3,2,0.154716
1,4,3,3,3,0.447844
1,4,3,3,4,0.436721
1,4,3,4,0,0.909315
1,4,3,4,1,0.997502
1,4,3,4,2,0.465238
1,4,3,4,3,0.328340
1,4,3,4,4,0.465966
1,4,4,0,0,0.092221
1,4,4,0,1,0.479292
1,4,4,0,2,0.203363
1,4,4,0,3,0.230172
1,4,4,0,4,0.549407
1,4,4,1,0,1.157420
1,4,4,1,1,0.608923
1,4,4,1,2,0.804148
1,4,4,1,3,0.214768
1,4,4,1,4,1.010064
1,4,4,2,0,0.095630
1,4,4,2,1,0.903269
1,4,4,2,2,0.682910
1,4,4,2,3,0.524800
1,4,4,2,4,0.226637
1,4,4,3,0,0.404601
1,4,4,3,1,0.584465
1,4,4,3,2,0.897445
1,4,4,3,3,0.798058
1,4,4,3,4,0.285024
1,4,4,4,0,0.710801
1,4,4,4,1,0.673234
1,4,4,4,2,0.678023
1,4,4,4,3,0.303810
1,4,4,4,4,0.117036
2,0,0,0,0,0.287559
2,0,0,0,1,0.692989
2,0,0,0,2,0.659552
2,0,0,0,3,0.131378
2,0,0,0,4,1.064997
2,0,0,1,0,0.435160
2,0,0,1,1,0.832405
2,0,0,1,2,0.000851
2,0,0,1,3,1.540126
2,0,0,1,4,0.238656
2,0,0,2,0,0.142893
2,0,0,2,1,0.799965
2,0,0,2,2,0.795216
2,0,0,2,3,0.347110
2,0,0,2,4,0.806591
2,0,0,3,0,0.866045
2,0,0,3,1,0.447428
2,0,0,3,2,0.735077
2,0,0,3,3,0.673241
2,0,0,3,4,0.205569
2,0,0,4,0,0.709862
2,0,0,4,1,0.567577
2,0,0,4,2,0.130255
2,0,0,4,3,0.027808
2,0,0,4,4,0.647879
2,0,1,0,0,0.258826
2,0,1,0,1,0.622329
2,0,1,0,2,0.805204
2,0,1,0,3,0.635158
2,0,1,0,4,0.761685
2,0,1,1,0,1.384167
2,0,1,1,1,0.013771
2,0,1,1,2,0.587938
2,0,1,1,3,0.595667
2,0,1,1,4,0.813115
2,0,1,2,0,0.177117
2,0,1,2,1,0.131696
2,0,1,2,2,0.577227
2,0,1,2,3,0.762644
2,0,1,2,4,0.098269
2,0,1,3,0,0.228804
2,0,1,3,1,0.362026
2,0,1,3,2,0.978952
2,0,1,3,3,0.684337
2,0,1,3,4,0.503812
2,0,1,4,0,0.941492
2,0,1,4,1,0.076155
2,0,1,4,2,0.227600
2,0,1,4,3,0.800790
2,0,1,4,4,0.456977
2,0,2,0,0,0.949365
2,0,2,0,1,0.589939
2,0,2,0,2,0.047226
2,0,2,0,3,0.175606
2,0,2,0,4,0.701192
2,0,2,1,0,0.161916
2,0,2,1,1,0.178370
2,0,2,1,2,1.003799
2,0,2,1,3,0.124420
2,0,2,1,4,0.818808
2,0,2,2,0,0.135074
2,0,2,2,1,0.192253
2,0,2,2,2,0.483691
2,0,2,2,3,0.158317
2,0,2,2,4,0.569939
2,0,2,3,0,0.348271
2,0,2,3,1,0.835222
2,0,2,3,2,0.783705
2,0,2,3,3,0.624723
2,0,2,3,4,0.473511
2,0,2,4,0,0.087293
2,0,2,4,1,0.007968
2,0,2,4,2,0.663677
2,0,2,4,3,0.215393
2,0,2,4,4,0.188506
2,0,3,0,0,0.037860
2,0,3,0,1,0.138115
2,0,3,0,2,0.185090
2,0,3,0,3,0.529104
2,0,3,0,4,0.775226
2,0,3,1,0,0.504286
2,0,3,1,1,0.794285
2,0,3,1,2,0.742483
2,0,3,1,3,0.621685
2,0,3,1,4,0.421055
2,0,3,2,0,0.344843
2,0,3,2,1,0.773322
2,0,3,2,2,0.454656
2,0,3,2,3,0.521141
2,0,3,2,4,0.916375
2,0,3,3,0,0.487078
2,0,3,3,1,0.103473
2,0,3,3,2,0.419674
2,0,3,3,3,0.299429
2,0,3,3,4,0.812257
2,0,3,4,0,0.732235
2,0,3,4,1,0.261780
2,0,3,4,2,0.488338
2,0,3,4,3,0.350945
2,0,3,4,4,0.613406
2,0,4,0,0,0.800020
2,0,4,0,1,0.013060
2,0,4,0,2,0.320938
2,0,4,0,3,0.548482
2,0,4,0,4,0.192974
2,0,4,1,0,3.372870
2,0,4,1,1,0.533075
2,0,4,1,2,0.077609
2,0,4,1,3,0.471242
2,0,4,1,4,3.352441
2,0,4,2,0,0.414074
2,0,4,2,1,0.381191
2,0,4,2,2,0.164931
2,0,4,2,3,0.745510
2,0,4,2,4,0.391750
2,0,4,3,0,0.860838
2,0,4,3,1,0.437320
2,0,4,3,2,0.360290
2,0,4,3,3,0.239892
2,0,4,3,4,0.630162
2,0,4,4,0,0.511315
2,0,4,4,1,0.276683
2,0,4,4,2,0.002860
2,0,4,4,3,0.912494
2,0,4,4,4,0.156335
2,1,0,0,0,0.805908
2,1,0,0,1,0.934291
2,1,0,0,2,0.648326
2,1,0,0,3,0.007720
2,1,0,0,4,0.464029
2,1,0,1,0,0.544627
2,1,0,1,1,0.462955
2,1,0,1,2,0.114966
2,1,0,1,3,0.459103
2,1,0,1,4,0.158832
2,1,0,2,0,0.934147
2,1,0,2,1,0.161258
2,1,0,2,2,0.948178
2,1,0,2,3,0.172006
2,1,0,2,4,0.525116
2,1,0,3,0,0.963920
2,1,0,3,1,0.898979
2,1,0,3,2,0.098029
2,1,0,3,3,0.434462
2,1,0,3,4,0.553925
2,1,0,4,0,0.944167
2,1,0,4,1,0.089049
2,1,0,4,2,0.647528
2,1,0,4,3,0.602321
2,1,0,4,4,0.826930
2,1,1,0,0,0.379408
2,1,1,0,1,0.625873
2,1,1,0,2,0.212385
2,1,1,0,3,0.194418
2,1,1,0,4,0.467757
2,1,1,1,0,0.381826
2,1,1,1,1,0.100428
2,1,1,1,2,0.137769
2,1,1,1,3,0.154953
2,1,1,1,4,0.421267
2,1,1,2,0,0.226849
2,1,1,2,1,0.538200
2,1,1,2,2,0.809292
2,1,1,2,3,0.538460
2,1,1,2,4,0.745452
2,1,1,3,0,0.903149
2,1,1,3,1,0.275238
2,1,1,3,2,0.339660
2,1,1,3,3,0.091689
2,1,1,3,4,0.997575
2,1,1,4,0,0.125278
2,1,1,4,1,0.253549
2,1,1,4,2,0.216856
2,1,1,4,3,0.779811
2,1,1,4,4,0.463881
2,1,2,0,0,0.547204
2,1,2,0,1,0.450789
2,1,2,0,2,0.840935
2,1,2,0,3,0.653400
2,1,2,0,4,0.458617
2,1,2,1,0,0.690620
2,1,2,1,1,0.554159
2,1,2,1,2,0.536819
2,1,2,1,3,0.391503
2,1,2,1,4,0.587936
2,1,2,2,0,0.057946
2,1,2,2,1,0.213400
2,1,2,2,2,0.478050
2,1,2,2,3,0.220044
2,1,2,2,4,0.537481
2,1,2,3,0,0.777308
2,1,2,3,1,0.013732
2,1,2,3,2,0.421883
2,1,2,3,3,0.748824
2,1,2,3,4,0.646061
2,1,2,4,0,0.221026
2,1,2,4,1,0.625917
2,1,2,4,2,0.969092
2,1,2,4,3,0.731409
2,1,2,4,4,0.430139
2,1,3,0,0,0.757305
2,1,3,0,1,0.831638
2,1,3,0,2,0.484529
2,1,3,0,3,0.392485
2,1,3,0,4,0.243259
2,1,3,1,0,0.289754
2,1,3,1,1,0.290550
2,1,3,1,2,0.827556
2,1,3,1,3,0.852861
2,1,3,1,4,0.665990
2,1,3,2,0,0.539826
2,1,3,2,1,0.265221
2,1,3,2,2,0.834944
2,1,3,2,3,0.858221
2,1,3,2,4,0.960659
2,1,3,3,0,0.643015
2,1,3,3,1,0.120743
2,1,3,3,2,0.526911
2,1,3,3,3,0.044589
2,1,3,3,4,0.510723
2,1,3,4,0,0.641986
2,1,3,4,1,0.340577
2,1,3,4,2,0.006480
2,1,3,4,3,0.907010
2,1,3,4,4,0.437946
2,1,4,0,0,0.044269
2,1,4,0,1,0.813567
2,1,4,0,2,0.428085
2,1,4,0,3,0.731993
2,1,4,0,4,0.465624
2,1,4,1,0,1.453268
2,1,4,1,1,0.677708
2,1,4,1,2,0.985813
2,1,4,1,3,0.175990
2,1,4,1,4,0.892230
2,1,4,2,0,0.276986
2,1,4,2,1,0.272232
2,1,4,2,2,0.352981
2,1,4,2,3,0.190967
2,1,4,2,4,0.240854
2,1,4,3,0,0.575426
2,1,4,3,1,0.357693
2,1,4,3,2,0.191530
2,1,4,3,3,0.656136
2,1,4,3,4,0.253630
2,1,4,4,0,0.694653
2,1,4,4,1,0.922722
2,1,4,4,2,0.061311
2,1,4,4,3,0.159274
2,1,4,4,4,0.892581
2,2,0,0,0,0.698791
2,2,0,0,1,0.118608
2,2,0,0,2,0.410853
2,2,0,0,3,0.732186
2,2,0,0,4,0.336977
2,2,0,1,0,0.094838
2,2,0,1,1,0.407419
2,2,0,1,2,0.474937
2,2,0,1,3,0.727369
2,2,0,1,4,0.358680
2,2,0,2,0,0.657517
2,2,0,2,1,0.098763
2,2,0,2,2,0.779084
2,2,0,2,3,0.700438
2,2,0,2,4,0.813395
2,2,0,3,0,0.279474
2,2,0,3,1,0.469423
2,2,0,3,2,0.408961
2,2,0,3,3,0.789450
2,2,0,3,4,0.615492
2,2,0,4,0,0.246444
2,2,0,4,1,0.668720
2,2,0,4,2,0.056226
2,2,0,4,3,0.383514
2,2,0,4,4,0.408779
2,2,1,0,0,0.547138
2,2,1,0,1,0.251908
2,2,1,0,2,0.868461
2,2,1,0,3,0.362187
2,2,1,0,4,0.357846
2,2,1,1,0,0.352220
2,2,1,1,1,0.441704
2,2,1,1,2,0.371766
2,2,1,1,3,0.748232
2,2,1,1,4,0.080803
2,2,1,2,0,0.581169
2,2,1,2,1,0.388672
2,2,1,2,2,0.322323
2,2,1,2,3,0.328451
2,2,1,2,4,0.712359
2,2,1,3,0,0.109363
2,2,1,3,1,0.033051
2,2,1,3,2,0.330627
2,2,1,3,3,0.909105
2,2,1,3,4,0.285693
2,2,1,4,0,0.322940
2,2,1,4,1,0.140959
2,2,1,4,2,0.887824
2,2,1,4,3,0.445809
2,2,1,4,4,0.708135
2,2,2,0,0,0.691576
2,2,2,0,1,0.648217
2,2,2,0,2,0.602549
2,2,2,0,3,0.641306
2,2,2,0,4,0.301546
2,2,2,1,0,0.248587
2,2,2,1,1,0.701888
2,2,2,1,2,0.843516
2,2,2,1,3,0.763647
2,2,2,1,4,0.525435
2,2,2,2,0,0.994582
2,2,2,2,1,0.797080
2,2,2,2,2,0.852622
2,2,2,2,3,0.549354
2,2,2,2,4,0.966734
2,2,2,3,0,0.602355
2,2,2,3,1,0.696285
2,2,2,3,2,0.593211
2,2,2,3,3,0.896531
2,2,2,3,4,0.176833
2,2,2,4,0,0.434299
2,2,2,4,1,0.472044
2,2,2,4,2,0.887200
2,2,2,4,3,0.163465
2,2,2,4,4,0.127740
2,2,3,0,0,0.992775
2,2,3,0,1,0.511116
2,2,3,0,2,0.724194
2,2,3,0,3,0.884268
2,2,3,0,4,0.353544
2,2,3,1,0,0.230551
2,2,3,1,1,0.380613
2,2,3,1,2,0.574617
2,2,3,1,3,0.759603
2,2,3,1,4,1.213160
2,2,3,2,0,0.873558
2,2,3,2,1,0.273138
2,2,3,2,2,0.887175
2,2,3,2,3,0.122667
2,2,3,2,4,0.908277
2,2,3,3,0,0.575889
2,2,3,3,1,0.731899
2,2,3,3,2,0.848266
2,2,3,3,3,0.279324
2,2,3,3,4,0.808676
2,2,3,4,0,0.324289
2,2,3,4,1,0.181290
2,2,3,4,2,0.343007
2,2,3,4,3,0.069493
2,2,3,4,4,0.702428
2,2,4,0,0,0.707212
2,2,4,0,1,0.495217
2,2,4,0,2,0.091569
2,2,4,0,3,0.186333
2,2,4,0,4,0.358677
2,2,4,1,0,1.435941
2,2,4,1,1,0.524261
2,2,4,1,2,1.621589
2,2,4,1,3,0.317351
2,2,4,1,4,1.186626
2,2,4,2,0,0.143702
2,2,4,2,1,0.564729
2,2,4,2,2,0.947973
2,2,4,2,3,0.831953
2,2,4,2,4,0.632887
2,2,4,3,0,0.658037
2,2,4,3,1,0.559350
2,2,4,3,2,0.738538
2,2,4,3,3,0.741767
2,2,4,3,4,0.210410
2,2,4,4,0,0.784796
2,2,4,4,1,0.095339
2,2,4,4,2,0.692137
2,2,4,4,3,0.786060
2,2,4,4,4,0.089605
2,3,0,0,0,0.186950
2,3,0,0,1,0.425484
2,3,0,0,2,0.434296
2,3,0,0,3,0.793240
2,3,0,0,4,0.594303
2,3,0,1,0,0.207990
2,3,0,1,1,0.326759
2,3,0,1,2,0.753985
2,3,0,1,3,0.021040
2,3,0,1,4,0.598311
2,3,0,2,0,0.927251
2,3,0,2,1,0.516257
2,3,0,2,2,0.286893
2,3,0,2,3,0.653835
2,3,0,2,4,0.376419
2,3,0,3,0,0.465660
2,3,0,3,1,0.191632
2,3,0,3,2,0.430065
2,3,0,3,3,0.128449
2,3,0,3,4,0.278254
2,3,0,4,0,0.343939
2,3,0,4,1,0.629067
2,3,0,4,2,0.601506
2,3,0,4,3,0.702012
2,3,0,4,4,0.280873
2,3,1,0,0,0.573831
2,3,1,0,1,0.021043
2,3,1,0,2,0.157829
2,3,1,0,3,0.093289
2,3,1,0,4,0.049152
2,3,1,1,0,0.462078
2,3,1,1,1,0.036130
2,3,1,1,2,0.741036
2,3,1,1,3,0.587221
2,3,1,1,4,0.659113
2,3,1,2,0,0.502923
2,3,1,2,1,0.087470
2,3,1,2,2,0.067207
2,3,1,2,3,0.190591
2,3,1,2,4,0.532881
2,3,1,3,0,0.311803
2,3,1,3,1,0.961584
2,3,1,3,2,0.579356
2,3,1,3,3,0.846271
2,3,1,3,4,0.954394
2,3,1,4,0,0.074744
2,3,1,4,1,0.346132
2,3,1,4,2,0.311748
2,3,1,4,3,0.823332
2,3,1,4,4,0.347861
2,3,2,0,0,0.402740
2,3,2,0,1,0.889757
2,3,2,0,2,0.649765
2,3,2,0,3,0.415434
2,3,2,0,4,0.293465
2,3,2,1,0,0.441558
2,3,2,1,1,0.168610
2,3,2,1,2,0.753141
2,3,2,1,3,0.377843
2,3,2,1,4,0.725968
2,3,2,2,0,0.348717
2,3,2,2,1,0.406106
2,3,2,2,2,0.846357
2,3,2,2,3,0.674715
2,3,2,2,4,0.332935
2,3,2,3,0,0.496932
2,3,2,3,1,0.121960
2,3,2,3,2,0.259302
2,3,2,3,3,0.168070
2,3,2,3,4,0.522988
2,3,2,4,0,0.604320
2,3,2,4,1,0.430571
2,3,2,4,2,0.896171
2,3,2,4,3,0.996586
2,3,2,4,4,0.262592
2,3,3,0,0,0.078545
2,3,3,0,1,0.160627
2,3,3,0,2,0.849647
2,3,3,0,3,0.125990
2,3,3,0,4,0.591778
2,3,3,1,0,0.597809
2,3,3,1,1,0.470944
2,3,3,1,2,0.800684
2,3,3,1,3,0.597989
2,3,3,1,4,1.075207
2,3,3,2,0,0.539118
2,3,3,2,1,0.734899
2,3,3,2,2,0.088634
2,3,3,2,3,0.822353
2,3,3,2,4,0.657966
2,3,3,3,0,0.130140
2,3,3,3,1,0.743669
2,3,3,3,2,0.207724
2,3,3,3,3,0.714806
2,3,3,3,4,0.302245
2,3,3,4,0,0.792215
2,3,3,4,1,0.245618
2,3,3,4,2,0.208894
2,3,3,4,3,0.150519
2,3,3,4,4,0.857701
2,3,4,0,0,0.383026
2,3,4,0,1,0.599131
2,3,4,0,2,0.717991
2,3,4,0,3,0.382813
2,3,4,0,4,0.590594
2,3,4,1,0,1.162116
2,3,4,1,1,0.047114
2,3,4,1,2,0.591736
2,3,4,1,3,0.414092
2,3,4,1,4,2.376338
2,3,4,2,0,0.948508
2,3,4,2,1,0.770884
2,3,4,2,2,0.182151
2,3,4,2,3,0.573239
2,3,4,2,4,0.920181
2,3,4,3,0,0.376545
2,3,4,3,1,0.910517
2,3,4,3,2,0.619967
2,3,4,3,3,0.612907
2,3,4,3,4,0.263097
2,3,4,4,0,0.299920
2,3,4,4,1,0.088874
2,3,4,4,2,0.715680
2,3,4,4,3,0.201584
2,3,4,4,4,0.229397
2,4,0,0,0,0.524899
2,4,0,0,1,0.355887
2,4,0,0,2,0.206156
2,4,0,0,3,0.854432
2,4,0,0,4,0.493169
2,4,0,1,0,0.461570
2,4,0,1,1,0.021311
2,4,0,1,2,0.673331
2,4,0,1,3,0.703142
2,4,0,1,4,0.279563
2,4,0,2,0,0.722479
2,4,0,2,1,0.609568
2,4,0,2,2,0.279469
2,4,0,2,3,0.666270
2,4,0,2,4,0.892623
2,4,0,3,0,0.493899
2,4,0,3,1,0.526552
2,4,0,3,2,0.604388
2,4,0,3,3,0.447895
2,4,0,3,4,0.056167
2,4,0,4,0,0.553558
2,4,0,4,1,0.699786
2,4,0,4,2,0.076963
2,4,0,4,3,0.434409
2,4,0,4,4,0.591012
2,4,1,0,0,0.314421
2,4,1,0,1,0.431507
2,4,1,0,2,0.768874
2,4,1,0,3,0.258468
2,4,1,0,4,0.208472
2,4,1,1,0,0.443292
2,4,1,1,1,0.606167
2,4,1,1,2,0.667321
2,4,1,1,3,0.121956
2,4,1,1,4,0.607885
2,4,1,2,0,0.496881
2,4,1,2,1,0.428248
2,4,1,2,2,0.772115
2,4,1,2,3,0.039182
2,4,1,2,4,0.809842
2,4,1,3,0,0.562692
2,4,1,3,1,0.674306
2,4,1,3,2,0.501741
2,4,1,3,3,0.566791
2,4,1,3,4,0.852315
2,4,1,4,0,0.109195
2,4,1,4,1,0.075811
2,4,1,4,2,0.995407
2,4,1,4,3,0.603804
2,4,1,4,4,0.505309
2,4,2,0,0,0.075244
2,4,2,0,1,0.546725
2,4,2,0,2,0.855590
2,4,2,0,3,0.478742
2,4,2,0,4,0.472190
2,4,2,1,0,0.170604
2,4,2,1,1,0.716812
2,4,2,1,2,0.677175
2,4,2,1,3,0.701620
2,4,2,1,4,0.385570
2,4,2,2,0,0.497204
2,4,2,2,1,0.616642
2,4,2,2,2,0.866271
2,4,2,2,3,0.692876
2,4,2,2,4,0.224718
2,4,2,3,0,0.063423
2,4,2,3,1,0.910738
2,4,2,3,2,0.006207
2,4,2,3,3,0.157097
2,4,2,3,4,0.233742
2,4,2,4,0,0.603138
2,4,2,4,1,0.741832
2,4,2,4,2,0.785321
2,4,2,4,3,0.543219
2,4,2,4,4,0.860241
2,4,3,0,0,0.513077
2,4,3,0,1,0.405368
2,4,3,0,2,0.607678
2,4,3,0,3,0.858551
2,4,3,0,4,0.426228
2,4,3,1,0,0.038293
2,4,3,1,1,0.557842
2,4,3,1,2,0.603810
2,4,3,1,3,0.703291
2,4,3,1,4,1.082408
2,4,3,2,0,0.841749
2,4,3,2,1,0.588739
2,4,3,2,2,0.257415
2,4,3,2,3,0.735934
2,4,3,2,4,0.991394
2,4,3,3,0,0.252508
2,4,3,3,1,0.548054
2,4,3,3,2,0.422774
2,4,3,3,3,0.430283
2,4,3,3,4,0.015562
2,4,3,4,0,0.639074
2,4,3,4,1,0.487438
2,4,3,4,2,0.820661
2,4,3,4,3,0.805705
2,4,3,4,4,0.729596
2,4,4,0,0,0.519433
2,4,4,0,1,0.793903
2,4,4,0,2,0.860743
2,4,4,0,3,0.250393
2,4,4,0,4,0.469247
2,4,4,1,0,0.458627
2,4,4,1,1,0.683611
2,4,4,1,2,0.007291
2,4,4,1,3,0.078231
2,4,4,1,4,1.420731
2,4,4,2,0,0.906815
2,4,4,2,1,0.249822
2,4,4,2,2,0.310240
2,4,4,2,3,0.207613
2,4,4,2,4,0.198510
2,4,4,3,0,0.533521
2,4,4,3,1,0.966763
2,4,4,3,2,0.838914
2,4,4,3,3,0.347354
2,4,4,3,4,0.682220
2,4,4,4,0,0.061195
2,4,4,4,1,0.095641
2,4,4,4,2,0.312685
2,4,4,4,3,0.843838
2,4,4,4,4,0.323893
3,0,0,0,0,0.419310
3,0,0,0,1,0.019785
3,0,0,0,2,0.133675
3,0,0,0,3,0.626760
3,0,0,0,4,0.290550
3,0,0,1,0,0.567092
3,0,0,1,1,0.530805
3,0,0,1,2,0.372933
3,0,0,1,3,0.430803
3,0,0,1,4,0.486653
3,0,0,2,0,0.810696
3,0,0,2,1,0.818407
3,0,0,2,2,0.000124
3,0,0,2,3,0.269832
3,0,0,2,4,0.661217
3,0,0,3,0,0.467178
3,0,0,3,1,0.449836
3,0,0,3,2,0.510651
3,0,0,3,3,0.485191
3,0,0,3,4,0.886773
3,0,0,4,0,0.385029
3,0,0,4,1,0.006955
3,0,0,4,2,0.604179
3,0,0,4,3,0.695893
3,0,0,4,4,0.519456
3,0,1,0,0,0.579364
3,0,1,0,1,0.996638
3,0,1,0,2,0.534500
3,0,1,0,3,0.564174
3,0,1,0,4,0.866169
3,0,1,1,0,0.428390
3,0,1,1,1,0.518285
3,0,1,1,2,0.615606
3,0,1,1,3,0.034749
3,0,1,1,4,0.300315
3,0,1,2,0,0.216095
3,0,1,2,1,0.626530
3,0,1,2,2,0.108186
3,0,1,2,3,0.179046
3,0,1,2,4,0.328714
3,0,1,3,0,0.188841
3,0,1,3,1,0.106587
3,0,1,3,2,0.920712
3,0,1,3,3,0.898167
3,0,1,3,4,0.206631
3,0,1,4,0,0.851018
3,0,1,4,1,0.198876
3,0,1,4,2,0.383940
3,0,1,4,3,0.780665
3,0,1,4,4,0.776629
3,0,2,0,0,0.248421
3,0,2,0,1,0.982283
3,0,2,0,2,0.217752
3,0,2,0,3,0.502122
3,0,2,0,4,0.501755
3,0,2,1,0,0.183934
3,0,2,1,1,0.802833
3,0,2,1,2,0.456767
3,0,2,1,3,0.696272
3,0,2,1,4,0.834333
3,0,2,2,0,0.013169
3,0,2,2,1,0.273810
3,0,2,2,2,0.308579
3,0,2,2,3,0.615493
3,0,2,2,4,0.884404
3,0,2,3,0,0.234027
3,0,2,3,1,0.416591
3,0,2,3,2,0.176756
3,0,2,3,3,0.462921
3,0,2,3,4,0.286918
3,0,2,4,0,0.890091
3,0,2,4,1,0.904094
3,0,2,4,2,0.038968
3,0,2,4,3,0.120625
3,0,2,4,4,0.477192
3,0,3,0,0,0.654101
3,0,3,0,1,0.109860
3,0,3,0,2,0.566452
3,0,3,0,3,0.620108
3,0,3,0,4,0.803202
3,0,3,1,0,0.857849
3,0,3,1,1,0.280646
3,0,3,1,2,2.207718
3,0,3,1,3,0.219264
3,0,3,1,4,0.551535
3,0,3,2,0,0.832015
3,0,3,2,1,0.382369
3,0,3,2,2,0.000072
3,0,3,2,3,0.652473
3,0,3,2,4,1.057610
3,0,3,3,0,0.714186
3,0,3,3,1,0.438017
3,0,3,3,2,0.509399
3,0,3,3,3,0.421599
3,0,3,3,4,0.995622
3,0,3,4,0,0.892628
3,0,3,4,1,0.090004
3,0,3,4,2,0.833375
3,0,3,4,3,0.452249
3,0,3,4,4,0.943002
3,0,4,0,0,0.453594
3,0,4,0,1,0.461528
3,0,4,0,2,0.224621
3,0,4,0,3,0.615644
3,0,4,0,4,1.652716
3,0,4,1,0,2.517727
3,0,4,1,1,0.489209
3,0,4,1,2,0.722299
3,0,4,1,3,3.133981
3,0,4,1,4,2.326195
3,0,4,2,0,0.424684
3,0,4,2,1,0.427858
3,0,4,2,2,0.079351
3,0,4,2,3,0.147093
3,0,4,2,4,0.541716
3,0,4,3,0,0.485569
3,0,4,3,1,0.200558
3,0,4,3,2,0.516528
3,0,4,3,3,0.724220
3,0,4,3,4,0.219837
3,0,4,4,0,0.994118
3,0,4,4,1,0.906978
3,0,4,4,2,0.278516
3,0,4,4,3,0.285269
3,0,4,4,4,0.086833
3,1,0,0,0,0.985190
3,1,0,0,1,0.749162
3,1,0,0,2,0.436197
3,1,0,0,3,0.000896
3,1,0,0,4,0.365139
3,1,0,1,0,0.563802
3,1,0,1,1,0.626540
3,1,0,1,2,0.387167
3,1,0,1,3,0.296232
3,1,0,1,4,0.156140
3,1,0,2,0,0.446127
3,1,0,2,1,0.444128
3,1,0,2,2,0.348844
3,1,0,2,3,0.516283
3,1,0,2,4,0.956794
3,1,0,3,0,0.956412
3,1,0,3,1,0.293288
3,1,0,3,2,0.594949
3,1,0,3,3,0.584868
3,1,0,3,4,0.294584
3,1,0,4,0,0.697376
3,1,0,4,1,0.808912
3,1,0,4,2,0.534086
3,1,0,4,3,0.610737
3,1,0,4,4,0.378109
3,1,1,0,0,0.826467
3,1,1,0,1,0.338812
3,1,1,0,2,0.434719
3,1,1,0,3,0.634848
3,1,1,0,4,0.511919
3,1,1,1,0,0.069724
3,1,1,1,1,0.582628
3,1,1,1,2,0.160759
3,1,1,1,3,0.590271
3,1,1,1,4,0.392905
3,1,1,2,0,0.558836
3,1,1,2,1,0.202673
3,1,1,2,2,0.616096
3,1,1,2,3,0.934231
3,1,1,2,4,0.142567
3,1,1,3,0,0.816879
3,1,1,3,1,0.421064
3,1,1,3,2,0.540784
3,1,1,3,3,0.816964
3,1,1,3,4,0.191538
3,1,1,4,0,0.670067
3,1,1,4,1,0.285509
3,1,1,4,2,0.439423
3,1,1,4,3,0.778076
3,1,1,4,4,0.187811
3,1,2,0,0,0.596978
3,1,2,0,1,0.581349
3,1,2,0,2,0.831721
3,1,2,0,3,0.183131
3,1,2,0,4,0.516019
3,1,2,1,0,0.549710
3,1,2,1,1,0.487979
3,1,2,1,2,0.318410
3,1,2,1,3,0.591256
3,1,2,1,4,1.427850
3,1,2,2,0,0.914240
3,1,2,2,1,0.342334
3,1,2,2,2,0.246983
3,1,2,2,3,0.306793
3,1,2,2,4,0.968428
3,1,2,3,0,0.088861
3,1,2,3,1,0.149088
3,1,2,3,2,0.967537
3,1,2,3,3,0.334753
3,1,2,3,4,0.506848
3,1,2,4,0,0.577797
3,1,2,4,1,0.053824
3,1,2,4,2,0.716623
3,1,2,4,3,0.113450
3,1,2,4,4,0.153626
3,1,3,0,0,0.388193
3,1,3,0,1,0.544498
3,1,3,0,2,0.114613
3,1,3,0,3,0.575739
3,1,3,0,4,0.514068
3,1,3,1,0,0.672449
3,1,3,1,1,0.988447
3,1,3,1,2,0.377945
3,1,3,1,3,0.606160
3,1,3,1,4,0.142363
3,1,3,2,0,0.717739
3,1,3,2,1,0.536339
3,1,3,2,2,0.065078
3,1,3,2,3,0.769036
3,1,3,2,4,0.611991
3,1,3,3,0,0.712914
3,1,3,3,1,0.698788
3,1,3,3,2,0.054765
3,1,3,3,3,0.301162
3,1,3,3,4,0.506048
3,1,3,4,0,0.002658
3,1,3,4,1,0.729186
3,1,3,4,2,0.353184
3,1,3,4,3,0.424821
3,1,3,4,4,0.295492
3,1,4,0,0,0.389988
3,1,4,0,1,0.671591
3,1,4,0,2,0.897088
3,1,4,0,3,0.282524
3,1,4,0,4,0.514208
3,1,4,1,0,1.152294
3,1,4,1,1,0.593266
3,1,4,1,2,0.883587
3,1,4,1,3,0.614709
3,1,4,1,4,1.200423
3,1,4,2,0,0.409835
3,1,4,2,1,0.680120
3,1,4,2,2,0.066482
3,1,4,2,3,0.191689
3,1,4,2,4,0.288119
3,1,4,3,0,0.559917
3,1,4,3,1,0.869465
3,1,4,3,2,0.870510
3,1,4,3,3,0.866678
3,1,4,3,4,0.443517
3,1,4,4,0,0.332033
3,1,4,4,1,0.661793
3,1,4,4,2,0.947749
3,1,4,4,3,0.130268
3,1,4,4,4,0.087348
3,2,0,0,0,0.746383
3,2,0,0,1,0.121863
3,2,0,0,2,0.669614
3,2,0,0,3,0.824292
3,2,0,0,4,0.020463
3,2,0,1,0,0.438293
3,2,0,1,1,0.273826
3,2,0,1,2,0.803550
3,2,0,1,3,0.676414
3,2,0,1,4,0.257980
3,2,0,2,0,0.625234
3,2,0,2,1,0.346495
3,2,0,2,2,0.263392
3,2,0,2,3,0.921480
3,2,0,2,4,0.500340
3,2,0,3,0,0.214860
3,2,0,3,1,0.901757
3,2,0,3,2,0.155969
3,2,0,3,3,0.267007
3,2,0,3,4,0.877664
3,2,0,4,0,0.447891
3,2,0,4,1,0.572229
3,2,0,4,2,0.475934
3,2,0,4,3,0.452684
3,2,0,4,4,0.162617
3,2,1,0,0,0.456549
3,2,1,0,1,0.463946
3,2,1,0,2,0.743220
3,2,1,0,3,0.394497
3,2,1,0,4,0.553051
3,2,1,1,0,0.446933
3,2,1,1,1,0.727262
3,2,1,1,2,0.809471
3,2,1,1,3,0.542273
3,2,1,1,4,0.487397
3,2,1,2,0,0.680323
3,2,1,2,1,0.760212
3,2,1,2,2,0.815229
3,2,1,2,3,0.344149
3,2,1,2,4,0.880032
3,2,1,3,0,0.125589
3,2,1,3,1,0.496895
3,2,1,3,2,0.096939
3,2,1,3,3,0.050411
3,2,1,3,4,0.549795
3,2,1,4,0,0.144957
3,2,1,4,1,0.185506
3,2,1,4,2,0.140783
3,2,1,4,3,0.644807
3,2,1,4,4,0.812571
3,2,2,0,0,0.502078
3,2,2,0,1,0.121884
3,2,2,0,2,0.367696
3,2,2,0,3,0.189177
3,2,2,0,4,0.037101
3,2,2,1,0,0.138735
3,2,2,1,1,0.771790
3,2,2,1,2,0.718916
3,2,2,1,3,0.436187
3,2,2,1,4,0.175152
3,2,2,2,0,0.073745
3,2,2,2,1,0.867128
3,2,2,2,2,0.103497
3,2,2,2,3,0.185816
3,2,2,2,4,0.487125
3,2,2,3,0,0.318458
3,2,2,3,1,0.709522
3,2,2,3,2,0.013959
3,2,2,3,3,0.368870
3,2,2,3,4,0.885704
3,2,2,4,0,0.956405
3,2,2,4,1,0.490965
3,2,2,4,2,0.475046
3,2,2,4,3,0.306893
3,2,2,4,4,0.510144
3,2,3,0,0,0.442324
3,2,3,0,1,0.864547
3,2,3,0,2,0.666124
3,2,3,0,3,0.859982
3,2,3,0,4,0.548354
3,2,3,1,0,0.387230
3,2,3,1,1,1.008691
3,2,3,1,2,0.778598
3,2,3,1,3,0.773224
3,2,3,1,4,1.375910
3,2,3,2,0,0.285322
3,2,3,2,1,0.548886
3,2,3,2,2,0.793910
3,2,3,2,3,0.418150
3,2,3,2,4,0.861737
3,2,3,3,0,0.664526
3,2,3,3,1,0.472495
3,2,3,3,2,0.840835
3,2,3,3,3,0.904695
3,2,3,3,4,0.134812
3,2,3,4,0,0.132269
3,2,3,4,1,0.090597
3,2,3,4,2,0.051684
3,2,3,4,3,0.037458
3,2,3,4,4,0.325149
3,2,4,0,0,0.052031
3,2,4,0,1,0.408872
3,2,4,0,2,0.116723
3,2,4,0,3,0.176131
3,2,4,0,4,0.095850
3,2,4,1,0,1.125583
3,2,4,1,1,0.801112
3,2,4,1,2,1.276202
3,2,4,1,3,0.772213
3,2,4,1,4,1.349338
3,2,4,2,0,0.704317
3,2,4,2,1,0.283127
3,2,4,2,2,0.566445
3,2,4,2,3,0.836883
3,2,4,2,4,0.191397
3,2,4,3,0,0.157215
3,2,4,3,1,0.975480
3,2,4,3,2,0.560374
3,2,4,3,3,0.167546
3,2,4,3,4,0.234706
3,2,4,4,0,0.702073
3,2,4,4,1,0.989234
3,2,4,4,2,0.492705
3,2,4,4,3,0.956222
3,2,4,4,4,0.684453
3,3,0,0,0,0.485514
3,3,0,0,1,0.063132
3,3,0,0,2,0.844214
3,3,0,0,3,0.280283
3,3,0,0,4,0.315168
3,3,0,1,0,0.167476
3,3,0,1,1,0.894801
3,3,0,1,2,0.421834
3,3,0,1,3,0.542077
3,3,0,1,4,0.183421
3,3,0,2,0,0.879531
3,3,0,2,1,0.587674
3,3,0,2,2,0.805272
3,3,0,2,3,0.623280
3,3,0,2,4,0.499903
3,3,0,3,0,0.945280
3,3,0,3,1,0.606787
3,3,0,3,2,0.369429
3,3,0,3,3,0.543275
3,3,0,3,4,0.962952
3,3,0,4,0,0.143426
3,3,0,4,1,0.325708
3,3,0,4,2,0.499377
3,3,0,4,3,0.875331
3,3,0,4,4,0.776179
3,3,1,0,0,0.497290
3,3,1,0,1,0.449313
3,3,1,0,2,0.393278
3,3,1,0,3,0.717483
3,3,1,0,4,0.314182
3,3,1,1,0,0.277318
3,3,1,1,1,0.693792
3,3,1,1,2,0.415834
3,3,1,1,3,0.547512
3,3,1,1,4,0.578384
3,3,1,2,0,0.855299
3,3,1,2,1,0.111029
3,3,1,2,2,0.921922
3,3,1,2,3,0.505305
3,3,1,2,4,0.953362
3,3,1,3,0,0.329788
3,3,1,3,1,0.924116
3,3,1,3,2,0.581480
3,3,1,3,3,0.342281
3,3,1,3,4,0.861997
3,3,1,4,0,0.647733
3,3,1,4,1,0.204328
3,3,1,4,2,0.697761
3,3,1,4,3,0.316457
3,3,1,4,4,0.269780
3,3,2,0,0,0.161423
3,3,2,0,1,0.768744
3,3,2,0,2,0.443185
3,3,2,0,3,-0.028302
3,3,2,0,4,0.207982
3,3,2,1,0,0.423179
3,3,2,1,1,0.564501
3,3,2,1,2,0.188337
3,3,2,1,3,0.335988
3,3,2,1,4,0.232062
3,3,2,2,0,0.436159
3,3,2,2,1,0.086431
3,3,2,2,2,0.084005
3,3,2,2,3,0.361298
3,3,2,2,4,0.121303
3,3,2,3,0,0.286346
3,3,2,3,1,0.661068
3,3,2,3,2,0.056022
3,3,2,3,3,0.873796
3,3,2,3,4,0.833297
3,3,2,4,0,0.228984
3,3,2,4,1,0.668521
3,3,2,4,2,0.395279
3,3,2,4,3,0.795049
3,3,2,4,4,0.073033
3,3,3,0,0,0.356999
3,3,3,0,1,0.770621
3,3,3,0,2,0.170933
3,3,3,0,3,-0.004965
3,3,3,0,4,0.293168
3,3,3,1,0,-0.060666
3,3,3,1,1,0.617414
3,3,3,1,2,0.277482
3,3,3,1,3,0.573252
3,3,3,1,4,1.146363
3,3,3,2,0,0.488847
3,3,3,2,1,0.357539
3,3,3,2,2,0.807202
3,3,3,2,3,0.190856
3,3,3,2,4,0.403596
3,3,3,3,0,0.584680
3,3,3,3,1,0.662532
3,3,3,3,2,0.235271
3,3,3,3,3,0.896452
3,3,3,3,4,0.437914
3,3,3,4,0,0.636361
3,3,3,4,1,0.856473
3,3,3,4,2,0.002720
3,3,3,4,3,0.077712
3,3,3,4,4,0.065060
3,3,4,0,0,0.437558
3,3,4,0,1,0.032622
3,3,4,0,2,0.375971
3,3,4,0,3,0.721756
3,3,4,0,4,0.266529
3,3,4,1,0,1.232062
3,3,4,1,1,1.418387
3,3,4,1,2,1.311791
3,3,4,1,3,0.244748
3,3,4,1,4,1.192766
3,3,4,2,0,0.697449
3,3,4,2,1,0.294577
3,3,4,2,2,0.363583
3,3,4,2,3,0.425102
3,3,4,2,4,0.178175
3,3,4,3,0,0.677636
3,3,4,3,1,0.490388
3,3,4,3,2,0.684516
3,3,4,3,3,0.688651
3,3,4,3,4,0.801220
3,3,4,4,0,0.303211
3,3,4,4,1,0.036790
3,3,4,4,2,0.826444
3,3,4,4,3,0.401684
3,3,4,4,4,0.327382
3,4,0,0,0,0.934931
3,4,0,0,1,0.404392
3,4,0,0,2,0.561076
3,4,0,0,3,0.794949
3,4,0,0,4,0.220294
3,4,0,1,0,0.209924
3,4,0,1,1,0.429191
3,4,0,1,2,0.441632
3,4,0,1,3,0.303650
3,4,0,1,4,0.494913
3,4,0,2,0,0.482410
3,4,0,2,1,0.163954
3,4,0,2,2,0.816204
3,4,0,2,3,0.039307
3,4,0,2,4,0.814750
3,4,0,3,0,0.618215
3,4,0,3,1,0.182209
3,4,0,3,2,0.367579
3,4,0,3,3,0.844828
3,4,0,3,4,0.154567
3,4,0,4,0,0.017673
3,4,0,4,1,0.467704
3,4,0,4,2,0.782619
3,4,0,4,3,0.446229
3,4,0,4,4,0.753854
3,4,1,0,0,0.026449
3,4,1,0,1,0.150723
3,4,1,0,2,0.856300
3,4,1,0,3,0.221637
3,4,1,0,4,0.022524
3,4,1,1,0,0.312611
3,4,1,1,1,0.021556
3,4,1,1,2,0.208273
3,4,1,1,3,0.028346
3,4,1,1,4,0.519340
3,4,1,2,0,0.634415
3,4,1,2,1,0.046009
3,4,1,2,2,0.139497
3,4,1,2,3,0.705550
3,4,1,2,4,0.592378
3,4,1,3,0,0.469183
3,4,1,3,1,0.187112
3,4,1,3,2,0.403165
3,4,1,3,3,0.753410
3,4,1,3,4,0.569398
3,4,1,4,0,0.619528
3,4,1,4,1,0.101547
3,4,1,4,2,0.300923
3,4,1,4,3,0.039028
3,4,1,4,4,0.753278
3,4,2,0,0,0.803152
3,4,2,0,1,0.325237
3,4,2,0,2,0.491386
3,4,2,0,3,0.802702
3,4,2,0,4,0.201112
3,4,2,1,0,0.017155
3,4,2,1,1,0.022250
3,4,2,1,2,0.583111
3,4,2,1,3,0.115697
3,4,2,1,4,0.616074
3,4,2,2,0,0.266312
3,4,2,2,1,0.165412
3,4,2,2,2,0.206623
3,4,2,2,3,0.626619
3,4,2,2,4,0.123887
3,4,2,3,0,0.505872
3,4,2,3,1,0.361252
3,4,2,3,2,0.974842
3,4,2,3,3,0.310724
3,4,2,3,4,0.210302
3,4,2,4,0,0.422180
3,4,2,4,1,0.370115
3,4,2,4,2,0.892595
3,4,2,4,3,0.198686
3,4,2,4,4,0.500892
3,4,3,0,0,0.029980
3,4,3,0,1,0.036265
3,4,3,0,2,0.484188
3,4,3,0,3,0.712933
3,4,3,0,4,0.352526
3,4,3,1,0,-0.133181
3,4,3,1,1,0.454076
3,4,3,1,2,0.792514
3,4,3,1,3,0.250515
3,4,3,1,4,0.985345
3,4,3,2,0,0.737071
3,4,3,2,1,0.647597
3,4,3,2,2,0.430664
3,4,3,2,3,0.116761
3,4,3,2,4,0.683610
3,4,3,3,0,0.700729
3,4,3,3,1,0.034405
3,4,3,3,2,0.728167
3,4,3,3,3,0.074975
3,4,3,3,4,0.896977
3,4,3,4,0,0.491194
3,4,3,4,1,0.043389
3,4,3,4,2,0.614917
3,4,3,4,3,0.746693
3,4,3,4,4,0.319037
3,4,4,0,0,0.149284
3,4,4,0,1,0.538989
3,4,4,0,2,0.874280
3,4,4,0,3,0.277281
3,4,4,0,4,0.216842
3,4,4,1,0,0.114833
3,4,4,1,1,0.588233
3,4,4,1,2,0.519316
3,4,4,1,3,0.356463
3,4,4,1,4,1.870332
3,4,4,2,0,0.626203
3,4,4,2,1,0.050626
3,4,4,2,2,0.485720
3,4,4,2,3,0.232566
3,4,4,2,4,0.880708
3,4,4,3,0,0.445275
3,4,4,3,1,0.098878
3,4,4,3,2,0.443429
3,4,4,3,3,0.267959
3,4,4,3,4,0.523145
3,4,4,4,0,0.357718
3,4,4,4,1,0.978761
3,4,4,4,2,0.062235
3,4,4,4,3,0.732443
3,4,4,4,4,0.310991
4,0,0,0,0,0.651156
4,0,0,0,1,0.234039
4,0,0,0,2,0.293743
4,0,0,0,3,0.434819
4,0,0,0,4,0.395943
4,0,0,1,0,0.491203
4,0,0,1,1,0.549843
4,0,0,1,2,0.799374
4,0,0,1,3,0.452505
4,0,0,1,4,0.205741
4,0,0,2,0,0.118163
4,0,0,2,1,0.336879
4,0,0,2,2,0.776997
4,0,0,2,3,0.982345
4,0,0,2,4,0.323664
4,0,0,3,0,0.381370
4,0,0,3,1,0.707717
4,0,0,3,2,0.555077
4,0,0,3,3,0.859553
4,0,0,3,4,0.013632
4,0,0,4,0,0.389748
4,0,0,4,1,0.160719
4,0,0,4,2,0.062068
4,0,0,4,3,0.607641
4,0,0,4,4,0.232113
4,0,1,0,0,0.530420
4,0,1,0,1,0.217416
4,0,1,0,2,0.400323
4,0,1,0,3,0.718501
4,0,1,0,4,0.165686
4,0,1,1,0,0.257647
4,0,1,1,1,0.563752
4,0,1,1,2,0.221745
4,0,1,1,3,0.566764
4,0,1,1,4,0.576778
4,0,1,2,0,0.963522
4,0,1,2,1,0.082594
4,0,1,2,2,0.097631
4,0,1,2,3,0.491643
4,0,1,2,4,0.242031
4,0,1,3,0,0.104888
4,0,1,3,1,0.787622
4,0,1,3,2,0.615997
4,0,1,3,3,0.891055
4,0,1,3,4,0.792128
4,0,1,4,0,0.023822
4,0,1,4,1,0.431182
4,0,1,4,2,0.934446
4,0,1,4,3,0.104536
4,0,1,4,4,0.513175
4,0,2,0,0,0.398536
4,0,2,0,1,0.910644
4,0,2,0,2,0.251011
4,0,2,0,3,0.609818
4,0,2,0,4,0.699362
4,0,2,1,0,0.724024
4,0,2,1,1,0.103311
4,0,2,1,2,0.785345
4,0,2,1,3,0.396557
4,0,2,1,4,1.668429
4,0,2,2,0,0.667497
4,0,2,2,1,0.692836
4,0,2,2,2,0.076609
4,0,2,2,3,0.635430
4,0,2,2,4,0.202120
4,0,2,3,0,0.884116
4,0,2,3,1,0.566031
4,0,2,3,2,0.970778
4,0,2,3,3,0.282358
4,0,2,3,4,0.363478
4,0,2,4,0,0.937076
4,0,2,4,1,0.545622
4,0,2,4,2,0.189181
4,0,2,4,3,0.420668
4,0,2,4,4,0.265505
4,0,3,0,0,0.704435
4,0,3,0,1,0.274850
4,0,3,0,2,0.372223
4,0,3,0,3,0.924200
4,0,3,0,4,0.696102
4,0,3,1,0,0.443669
4,0,3,1,1,0.595065
4,0,3,1,2,0.650699
4,0,3,1,3,0.561521
4,0,3,1,4,0.660506
4,0,3,2,0,0.927104
4,0,3,2,1,0.556614
4,0,3,2,2,0.606341
4,0,3,2,3,0.320881
4,0,3,2,4,0.036187
4,0,3,3,0,0.149987
4,0,3,3,1,0.785265
4,0,3,3,2,0.513823
4,0,3,3,3,0.198947
4,0,3,3,4,0.555950
4,0,3,4,0,0.578781
4,0,3,4,1,0.994662
4,0,3,4,2,0.216990
4,0,3,4,3,0.152234
4,0,3,4,4,0.177907
4,0,4,0,0,0.407229
4,0,4,0,1,0.100619
4,0,4,0,2,0.512898
4,0,4,0,3,0.242566
4,0,4,0,4,1.555964
4,0,4,1,0,2.776288
4,0,4,1,1,0.944827
4,0,4,1,2,1.569977
4,0,4,1,3,2.291247
4,0,4,1,4,0.335901
4,0,4,2,0,0.450775
4,0,4,2,1,0.231496
4,0,4,2,2,0.286830
4,0,4,2,3,0.201874
4,0,4,2,4,0.130805
4,0,4,3,0,0.214253
4,0,4,3,1,0.960504
4,0,4,3,2,0.529663
4,0,4,3,3,0.259285
4,0,4,3,4,0.191682
4,0,4,4,0,0.061869
4,0,4,4,1,0.978513
4,0,4,4,2,0.463924
4,0,4,4,3,0.386787
4,0,4,4,4,0.487118
4,1,0,0,0,0.520016
4,1,0,0,1,0.221110
4,1,0,0,2,0.142281
4,1,0,0,3,0.138173
4,1,0,0,4,0.363248
4,1,0,1,0,0.225405
4,1,0,1,1,0.640370
4,1,0,1,2,0.354376
4,1,0,1,3,0.105037
4,1,0,1,4,0.103983
4,1,0,2,0,0.869005
4,1,0,2,1,0.142188
4,1,0,2,2,0.563830
4,1,0,2,3,0.721118
4,1,0,2,4,0.168101
4,1,0,3,0,0.051312
4,1,0,3,1,0.334300
4,1,0,3,2,0.540924
4,1,0,3,3,0.229313
4,1,0,3,4,0.749759
4,1,0,4,0,0.030504
4,1,0,4,1,0.755506
4,1,0,4,2,0.994198
4,1,0,4,3,0.835736
4,1,0,4,4,0.647304
4,1,1,0,0,0.664549
4,1,1,0,1,0.498190
4,1,1,0,2,0.190821
4,1,1,0,3,0.462932
4,1,1,0,4,0.236003
4,1,1,1,0,0.224559
4,1,1,1,1,0.226755
4,1,1,1,2,0.475701
4,1,1,1,3,0.265131
4,1,1,1,4,0.133425
4,1,1,2,0,0.707282
4,1,1,2,1,0.057911
4,1,1,2,2,0.255813
4,1,1,2,3,0.951871
4,1,1,2,4,0.436803
4,1,1,3,0,0.376545
4,1,1,3,1,0.804073
4,1,1,3,2,0.589286
4,1,1,3,3,0.999242
4,1,1,3,4,0.689268
4,1,1,4,0,0.546961
4,1,1,4,1,0.112711
4,1,1,4,2,0.903339
4,1,1,4,3,0.472699
4,1,1,4,4,0.240415
4,1,2,0,0,0.096923
4,1,2,0,1,0.915267
4,1,2,0,2,0.961365
4,1,2,0,3,0.053175
4,1,2,0,4,0.483786
4,1,2,1,0,0.214999
4,1,2,1,1,0.623884
4,1,2,1,2,0.425159
4,1,2,1,3,0.238974
4,1,2,1,4,0.479259
4,1,2,2,0,0.327596
4,1,2,2,1,0.734276
4,1,2,2,2,0.353093
4,1,2,2,3,0.900006
4,1,2,2,4,0.548048
4,1,2,3,0,0.307454
4,1,2,3,1,0.703497
4,1,2,3,2,0.961866
4,1,2,3,3,0.715296
4,1,2,3,4,0.949733
4,1,2,4,0,0.698456
4,1,2,4,1,0.564014
4,1,2,4,2,0.588512
4,1,2,4,3,0.737064
4,1,2,4,4,0.931316
4,1,3,0,0,0.438716
4,1,3,0,1,0.348468
4,1,3,0,2,0.019038
4,1,3,0,3,0.657927
4,1,3,0,4,0.570103
4,1,3,1,0,0.504889
4,1,3,1,1,0.955785
4,1,3,1,2,0.557403
4,1,3,1,3,0.541911
4,1,3,1,4,0.756039
4,1,3,2,0,0.806545
4,1,3,2,1,0.746209
4,1,3,2,2,0.673065
4,1,3,2,3,0.728999
4,1,3,2,4,0.619809
4,1,3,3,0,0.804029
4,1,3,3,1,0.630028
4,1,3,3,2,0.832871
4,1,3,3,3,0.428460
4,1,3,3,4,0.559544
4,1,3,4,0,0.570201
4,1,3,4,1,0.495720
4,1,3,4,2,0.402704
4,1,3,4,3,0.770413
4,1,3,4,4,0.246460
4,1,4,0,0,0.367492
4,1,4,0,1,0.429598
4,1,4,0,2,0.162618
4,1,4,0,3,0.672678
4,1,4,0,4,0.735880
4,1,4,1,0,1.020570
4,1,4,1,1,0.924300
4,1,4,1,2,0.543958
4,1,4,1,3,0.204390
4,1,4,1,4,1.141822
4,1,4,2,0,0.756628
4,1,4,2,1,0.171428
4,1,4,2,2,0.396824
4,1,4,2,3,0.781990
4,1,4,2,4,0.891263
4,1,4,3,0,0.855440
4,1,4,3,1,0.921614
4,1,4,3,2,0.272232
4,1,4,3,3,0.271785
4,1,4,3,4,0.928666
4,1,4,4,0,0.568792
4,1,4,4,1,0.187384
4,1,4,4,2,0.115836
4,1,4,4,3,0.876825
4,1,4,4,4,0.287313
4,2,0,0,0,0.217474
4,2,0,0,1,0.862202
4,2,0,0,2,0.814896
4,2,0,0,3,0.304218
4,2,0,0,4,0.299479
4,2,0,1,0,0.441118
4,2,0,1,1,0.139675
4,2,0,1,2,0.791430
4,2,0,1,3,0.357596
4,2,0,1,4,0.277398
4,2,0,2,0,0.407294
4,2,0,2,1,0.463448
4,2,0,2,2,0.625847
4,2,0,2,3,0.572168
4,2,0,2,4,0.392541
4,2,0,3,0,0.735441
4,2,0,3,1,0.599614
4,2,0,3,2,0.544653
4,2,0,3,3,0.209643
4,2,0,3,4,0.909261
4,2,0,4,0,0.498466
4,2,0,4,1,0.842364
4,2,0,4,2,0.578283
4,2,0,4,3,0.487292
4,2,0,4,4,0.595771
4,2,1,0,0,0.165594
4,2,1,0,1,0.803970
4,2,1,0,2,0.658451
4,2,1,0,3,0.168849
4,2,1,0,4,0.244466
4,2,1,1,0,0.447914
4,2,1,1,1,0.665889
4,2,1,1,2,0.796241
4,2,1,1,3,0.357485
4,2,1,1,4,0.612987
4,2,1,2,0,0.071613
4,2,1,2,1,0.939647
4,2,1,2,2,0.186740
4,2,1,2,3,0.853608
4,2,1,2,4,0.254381
4,2,1,3,0,0.971626
4,2,1,3,1,0.830482
4,2,1,3,2,0.050850
4,2,1,3,3,0.568481
4,2,1,3,4,0.871809
4,2,1,4,0,0.862766
4,2,1,4,1,0.183836
4,2,1,4,2,0.210158
4,2,1,4,3,0.501322
4,2,1,4,4,0.411861
4,2,2,0,0,0.604130
4,2,2,0,1,0.128820
4,2,2,0,2,0.666185
4,2,2,0,3,0.488380
4,2,2,0,4,0.700755
4,2,2,1,0,0.247613
4,2,2,1,1,0.774256
4,2,2,1,2,0.792573
4,2,2,1,3,0.360426
4,2,2,1,4,0.425074
4,2,2,2,0,0.495671
4,2,2,2,1,0.890553
4,2,2,2,2,0.712259
4,2,2,2,3,0.024746
4,2,2,2,4,0.936922
4,2,2,3,0,0.219858
4,2,2,3,1,0.368123
4,2,2,3,2,0.870070
4,2,2,3,3,0.264595
4,2,2,3,4,0.510829
4,2,2,4,0,0.883257
4,2,2,4,1,0.588395
4,2,2,4,2,0.911538
4,2,2,4,3,0.918310
4,2,2,4,4,0.705494
4,2,3,0,0,0.187556
4,2,3,0,1,0.313980
4,2,3,0,2,0.930287
4,2,3,0,3,0.285271
4,2,3,0,4,0.717590
4,2,3,1,0,-0.066920
4,2,3,1,1,0.590338
4,2,3,1,2,1.039114
4,2,3,1,3,0.392554
4,2,3,1,4,1.020983
4,2,3,2,0,0.611399
4,2,3,2,1,0.742076
4,2,3,2,2,0.093111
4,2,3,2,3,0.083377
4,2,3,2,4,0.916165
4,2,3,3,0,0.034365
4,2,3,3,1,0.812483
4,2,3,3,2,0.919021
4,2,3,3,3,0.271126
4,2,3,3,4,0.059360
4,2,3,4,0,0.299596
4,2,3,4,1,0.359061
4,2,3,4,2,0.232325
4,2,3,4,3,0.466369
4,2,3,4,4,0.903075
4,2,4,0,0,0.129103
4,2,4,0,1,0.868056
4,2,4,0,2,0.896879
4,2,4,0,3,0.678575
4,2,4,0,4,0.270736
4,2,4,1,0,1.228647
4,2,4,1,1,1.395196
4,2,4,1,2,1.049205
4,2,4,1,3,0.321950
4,2,4,1,4,1.003929
4,2,4,2,0,0.527069
4,2,4,2,1,0.389567
4,2,4,2,2,0.420294
4,2,4,2,3,0.832272
4,2,4,2,4,0.038534
4,2,4,3,0,0.782197
4,2,4,3,1,0.996060
4,2,4,3,2,0.773498
4,2,4,3,3,0.575009
4,2,4,3,4,0.456247
4,2,4,4,0,0.218464
4,2,4,4,1,0.230033
4,2,4,4,2,0.763557
4,2,4,4,3,0.631106
4,2,4,4,4,0.206065
4,3,0,0,0,0.229954
4,3,0,0,1,0.591981
4,3,0,0,2,0.509285
4,3,0,0,3,0.064520
4,3,0,0,4,0.200793
4,3,0,1,0,0.580089
4,3,0,1,1,0.626778
4,3,0,1,2,0.457952
4,3,0,1,3,0.128596
4,3,0,1,4,0.633037
4,3,0,2,0,0.639500
4,3,0,2,1,0.165472
4,3,0,2,2,0.102311
4,3,0,2,3,0.386400
4,3,0,2,4,0.057966
4,3,0,3,0,0.428539
4,3,0,3,1,0.220211
4,3,0,3,2,0.147601
4,3,0,3,3,0.585428
4,3,0,3,4,0.589188
4,3,0,4,0,0.164897
4,3,0,4,1,0.395279
4,3,0,4,2,0.571380
4,3,0,4,3,0.161250
4,3,0,4,4,0.836645
4,3,1,0,0,0.153991
4,3,1,0,1,0.196119
4,3,1,0,2,0.768424
4,3,1,0,3,0.700125
4,3,1,0,4,0.269761
4,3,1,1,0,0.640348
4,3,1,1,1,0.586257
4,3,1,1,2,0.458575
4,3,1,1,3,0.603065
4,3,1,1,4,0.376249
4,3,1,2,0,0.261320
4,3,1,2,1,0.551535
4,3,1,2,2,0.254774
4,3,1,2,3,0.836633
4,3,1,2,4,0.692719
4,3,1,3,0,0.663760
4,3,1,3,1,0.697719
4,3,1,3,2,0.803870
4,3,1,3,3,0.848964
4,3,1,3,4,0.522026
4,3,1,4,0,0.838715
4,3,1,4,1,0.428886
4,3,1,4,2,0.964679
4,3,1,4,3,0.158758
4,3,1,4,4,0.255297
4,3,2,0,0,0.334772
4,3,2,0,1,0.382648
4,3,2,0,2,0.398030
4,3,2,0,3,0.521689
4,3,2,0,4,0.246834
4,3,2,1,0,0.539091
4,3,2,1,1,1.069727
4,3,2,1,2,0.582663
4,3,2,1,3,0.590574
4,3,2,1,4,0.265819
4,3,2,2,0,0.417199
4,3,2,2,1,0.160936
4,3,2,2,2,0.760948
4,3,2,2,3,0.447619
4,3,2,2,4,0.803286
4,3,2,3,0,0.808693
4,3,2,3,1,0.543875
4,3,2,3,2,0.201918
4,3,2,3,3,0.721178
4,3,2,3,4,0.760427
4,3,2,4,0,0.715803
4,3,2,4,1,0.589138
4,3,2,4,2,0.606529
4,3,2,4,3,0.327754
4,3,2,4,4,0.791058
4,3,3,0,0,0.023734
4,3,3,0,1,0.763953
4,3,3,0,2,0.312897
4,3,3,0,3,0.240048
4,3,3,0,4,0.631453
4,3,3,1,0,0.449864
4,3,3,1,1,0.584680
4,3,3,1,2,0.436398
4,3,3,1,3,0.611237
4,3,3,1,4,1.125039
4,3,3,2,0,0.147393
4,3,3,2,1,0.179865
4,3,3,2,2,0.241297
4,3,3,2,3,0.217586
4,3,3,2,4,0.683781
4,3,3,3,0,0.435527
4,3,3,3,1,0.795583
4,3,3,3,2,0.961433
4,3,3,3,3,0.057618
4,3,3,3,4,0.696066
4,3,3,4,0,0.283037
4,3,3,4,1,0.732211
4,3,3,4,2,0.614071
4,3,3,4,3,0.285226
4,3,3,4,4,0.160749
4,3,4,0,0,0.323871
4,3,4,0,1,0.707556
4,3,4,0,2,0.764735
4,3,4,0,3,0.196809
4,3,4,0,4,0.528502
4,3,4,1,0,1.249724
4,3,4,1,1,1.307287
4,3,4,1,2,1.278160
4,3,4,1,3,0.207394
4,3,4,1,4,1.248510
4,3,4,2,0,0.621806
4,3,4,2,1,0.754408
4,3,4,2,2,0.202667
4,3,4,2,3,0.237684
4,3,4,2,4,0.200699
4,3,4,3,0,0.231047
4,3,4,3,1,0.750487
4,3,4,3,2,0.441931
4,3,4,3,3,0.203044
4,3,4,3,4,0.675865
4,3,4,4,0,0.250915
4,3,4,4,1,0.723380
4,3,4,4,2,0.251011
4,3,4,4,3,0.526529
4,3,4,4,4,0.575753
4,4,0,0,0,0.670780
4,4,0,0,1,0.655281
4,4,0,0,2,0.381409
4,4,0,0,3,0.613629
4,4,0,0,4,0.170919
4,4,0,1,0,0.520462
4,4,0,1,1,0.691113
4,4,0,1,2,0.029801
4,4,0,1,3,0.090098
4,4,0,1,4,0.185393
4,4,0,2,0,0.132523
4,4,0,2,1,0.381424
4,4,0,2,2,0.139535
4,4,0,2,3,0.146999
4,4,0,2,4,0.018438
4,4,0,3,0,0.493779
4,4,0,3,1,0.260505
4,4,0,3,2,0.165679
4,4,0,3,3,0.165434
4,4,0,3,4,0.033923
4,4,0,4,0,0.336761
4,4,0,4,1,0.724270
4,4,0,4,2,0.026348
4,4,0,4,3,0.765638
4,4,0,4,4,0.018112
4,4,1,0,0,0.677974
4,4,1,0,1,0.776461
4,4,1,0,2,0.370901
4,4,1,0,3,0.618434
4,4,1,0,4,0.165439
4,4,1,1,0,0.649179
4,4,1,1,1,0.072825
4,4,1,1,2,0.619399
4,4,1,1,3,-0.000482
4,4,1,1,4,0.289527
4,4,1,2,0,0.263411
4,4,1,2,1,0.379657
4,4,1,2,2,0.138740
4,4,1,2,3,0.148032
4,4,1,2,4,0.018528
4,4,1,3,0,0.034992
4,4,1,3,1,0.089335
4,4,1,3,2,0.166300
4,4,1,3,3,0.325610
4,4,1,3,4,0.033757
4,4,1,4,0,0.449833
4,4,1,4,1,0.195223
4,4,1,4,2,0.239211
4,4,1,4,3,0.668480
4,4,1,4,4,0.393874
4,4,2,0,0,0.295929
4,4,2,0,1,0.810366
4,4,2,0,2,0.084796
4,4,2,0,3,0.350689
4,4,2,0,4,0.140424
4,4,2,1,0,0.117181
4,4,2,1,1,0.753097
4,4,2,1,2,0.634315
4,4,2,1,3,0.345040
4,4,2,1,4,0.100981
4,4,2,2,0,0.294331
4,4,2,2,1,0.378352
4,4,2,2,2,0.043023
4,4,2,2,3,0.144902
4,4,2,2,4,0.003442
4,4,2,3,0,0.514890
4,4,2,3,1,-0.010375
4,4,2,3,2,0.158800
4,4,2,3,3,0.326515
4,4,2,3,4,0.033601
4,4,2,4,0,0.558937
4,4,2,4,1,0.289743
4,4,2,4,2,0.403024
4,4,2,4,3,0.010312
4,4,2,4,4,0.579416
4,4,3,0,0,0.057176
4,4,3,0,1,0.579665
4,4,3,0,2,0.059934
4,4,3,0,3,0.271276
4,4,3,0,4,0.310383
4,4,3,1,0,-0.214716
4,4,3,1,1,0.775316
4,4,3,1,2,0.703859
4,4,3,1,3,0.548596
4,4,3,1,4,0.432438
4,4,3,2,0,0.014010
4,4,3,2,1,-0.088213
4,4,3,2,2,0.128188
4,4,3,2,3,0.143876
4,4,3,2,4,0.010653
4,4,3,3,0,-0.049551
4,4,3,3,1,0.237083
4,4,3,3,2,0.161942
4,4,3,3,3,0.327156
4,4,3,3,4,0.033817
4,4,3,4,0,0.151931
4,4,3,4,1,0.289007
4,4,3,4,2,0.719292
4,4,3,4,3,0.763234
4,4,3,4,4,0.608153
4,4,4,0,0,0.836882
4,4,4,0,1,0.225537
4,4,4,0,2,0.226671
4,4,4,0,3,0.081167
4,4,4,0,4,0.550971
4,4,4,1,0,0.844989
4,4,4,1,1,1.086975
4,4,4,1,2,0.665248
4,4,4,1,3,0.487204
4,4,4,1,4,0.944519
4,4,4,2,0,0.264601
4,4,4,2,1,0.377845
4,4,4,2,2,0.138217
4,4,4,2,3,0.147760
4,4,4,2,4,0.018499
4,4,4,3,0,0.187322
4,4,4,3,1,0.260649
4,4,4,3,2,0.166619
4,4,4,3,3,0.325064
4,4,4,3,4,0.033871
4,4,4,4,0,0.562697
4,4,4,4,1,0.731555
4,4,4,4,2,0.436511
4,4,4,4,3,0.580014
4,4,4,4,4,0.674745
